base,modelo,instancia,m,classe,n_relevantes,n_axps,n_cxps,axp_min,cxp_min,existe_irrelevante,reparo_topk,k_usado,positivos,dados_constante,N1_suf_topk_falsa,N1_suf_topk_falsa_dados,N2_rel_top1_falsa,N2_rel_top1_falsa_dados,N3_irr_ultimo_falsa,N3_irr_ultimo_falsa_dados,N4_con_top1_falsa,N4_con_top1_falsa_dados,alguma_falsa,alguma_falsa_dados,suf_top1_falsa,suf_top2_falsa,suf_top3_falsa,suf_topkstar_falsa,suf_topm1_abs_falsa
corral,AD,0,6,0,3,2,2,2,1,True,0,3,4,False,False,False,False,False,False,True,False,False,False,True,True,False,False,False,False
corral,AD,1,6,0,4,3,3,2,2,True,0,3,4,False,False,False,False,False,False,False,True,True,True,True,True,False,False,False,False
corral,AD,2,6,0,5,4,3,2,2,True,0,3,5,False,False,False,False,False,False,False,True,True,True,True,True,True,False,True,False
corral,AD,3,6,1,2,1,2,2,1,True,0,3,3,False,False,False,False,False,False,True,False,True,False,True,True,False,False,False,False
corral,AD,4,6,1,3,1,3,3,1,True,0,3,3,False,False,False,False,False,False,False,False,True,False,True,True,True,False,False,False
corral,AD,5,6,0,3,1,3,3,1,True,0,3,4,False,False,False,False,False,False,True,False,True,False,True,True,True,False,False,False
corral,AD,6,6,0,4,2,3,2,1,True,0,3,4,False,False,False,False,False,False,False,False,False,False,False,True,True,False,True,True
corral,AD,7,6,0,4,2,3,2,1,True,0,3,4,False,False,False,False,False,False,False,False,False,False,False,True,False,False,False,False
corral,AD,8,6,1,5,4,5,2,2,True,0,3,5,False,False,False,False,False,False,True,True,True,True,True,True,True,False,True,False
corral,AD,9,6,0,5,4,3,2,2,True,0,3,6,False,False,False,False,False,False,True,True,True,True,True,True,True,False,True,False
corral,AD,10,6,1,4,2,3,3,1,True,0,3,3,False,False,False,False,False,False,True,False,False,False,True,True,True,False,False,True
corral,AD,11,6,0,4,2,3,2,1,True,0,3,3,False,False,False,False,False,False,True,False,True,False,True,True,False,False,False,False
corral,AD,12,6,0,2,1,2,2,1,True,0,2,2,False,False,False,False,False,False,False,False,False,False,False,True,False,False,False,False
corral,AD,13,6,0,4,2,3,2,1,True,0,3,5,False,False,False,False,False,False,True,False,True,False,True,True,False,False,False,False
corral,AD,14,6,1,5,4,4,3,1,True,0,3,5,False,False,False,False,False,False,False,False,False,False,False,True,True,False,False,False
corral,AD,15,6,0,3,1,3,3,1,True,0,3,3,False,False,False,False,False,False,False,False,False,False,False,True,True,False,False,False
corral,AD,16,6,1,3,1,3,3,1,True,0,3,4,False,False,False,False,False,False,True,False,True,False,True,True,True,False,False,True
corral,AD,17,6,0,2,1,2,2,1,True,0,3,3,False,False,False,False,False,False,True,False,True,False,True,True,False,False,False,False
corral,AD,18,6,0,2,1,2,2,1,True,0,3,4,False,False,False,False,False,False,False,False,False,False,False,True,False,False,False,False
corral,AD,19,6,0,4,2,3,2,1,True,0,3,5,False,False,False,False,False,False,True,False,True,False,True,True,False,False,False,False
corral,AD,20,6,1,2,1,2,2,1,True,0,3,4,False,False,False,False,False,False,False,False,True,False,True,True,False,False,False,False
corral,AD,21,6,0,2,1,2,2,1,True,0,3,3,False,False,False,False,False,False,False,False,False,False,False,True,False,False,False,False
corral,AD,22,6,0,5,3,3,2,1,True,0,3,5,False,False,False,False,False,True,True,False,True,True,True,True,False,False,False,False
corral,AD,23,6,0,4,2,3,2,1,True,0,3,4,False,False,False,False,False,False,True,False,False,False,True,True,False,False,False,False
corral,AD,24,6,1,4,2,3,2,1,True,0,3,5,False,False,False,False,False,False,False,False,False,False,False,True,False,False,False,False
corral,AD,25,6,1,4,2,3,3,1,True,0,3,4,False,False,False,False,False,False,True,False,True,False,True,True,True,False,False,True
corral,AD,26,6,0,3,2,2,2,1,True,0,3,5,False,False,False,False,False,False,True,False,True,False,True,True,False,False,False,False
corral,AD,27,6,1,2,1,2,2,1,True,0,3,4,False,False,False,False,False,False,False,False,False,False,False,True,False,False,False,False
corral,AD,28,6,1,2,1,2,2,1,True,0,3,3,False,False,False,False,False,False,False,False,False,False,False,True,False,False,False,False
corral,AD,29,6,0,2,1,2,2,1,True,0,3,3,False,False,False,False,False,False,False,False,False,False,False,True,False,False,False,False
corral,AD,30,6,1,3,1,3,3,1,True,0,3,5,False,False,False,False,False,False,True,False,True,False,True,True,True,False,False,True
corral,RF,0,6,0,3,2,2,2,1,True,0,3,4,False,False,False,False,False,False,True,False,False,False,True,True,False,False,False,False
corral,RF,1,6,0,4,3,3,2,2,True,0,3,4,False,False,False,False,False,False,False,True,True,True,True,True,True,False,True,False
corral,RF,2,6,0,5,4,3,2,2,True,0,3,5,False,False,False,False,False,False,False,True,True,True,True,True,True,False,True,False
corral,RF,3,6,1,2,1,2,2,1,True,0,3,3,False,False,False,False,False,False,True,False,True,False,True,True,False,False,False,False
corral,RF,4,6,1,3,1,3,3,1,True,0,3,3,False,False,False,False,False,False,False,False,False,False,False,True,True,False,False,True
corral,RF,5,6,0,3,1,3,3,1,True,0,3,4,False,False,False,False,False,False,True,False,True,False,True,True,True,False,False,False
corral,RF,6,6,0,4,2,3,2,1,True,0,3,4,False,False,False,False,False,False,False,False,False,False,False,True,False,False,False,False
corral,RF,7,6,0,4,2,3,2,1,True,0,3,4,False,False,False,False,False,True,True,False,False,True,True,True,True,False,True,True
corral,RF,8,6,1,5,4,5,2,2,True,0,3,5,False,False,False,False,False,False,False,True,True,True,True,True,False,False,False,False
corral,RF,9,6,0,5,4,3,2,2,True,0,3,6,False,False,False,False,False,False,True,True,True,True,True,True,True,False,True,False
corral,RF,10,6,1,4,2,3,3,1,True,0,3,3,False,False,False,False,False,False,False,False,False,False,False,True,True,False,False,False
corral,RF,11,6,0,2,1,2,2,1,True,0,3,3,False,False,False,False,False,False,True,False,True,False,True,True,False,False,False,False
corral,RF,12,6,0,2,1,2,2,1,True,0,2,2,False,False,False,False,False,False,False,False,False,False,False,True,False,False,False,False
corral,RF,13,6,0,4,2,3,2,1,True,0,3,5,False,False,False,False,False,False,True,False,True,False,True,True,True,False,True,True
corral,RF,14,6,1,6,5,4,3,1,False,0,3,5,False,False,False,False,False,True,False,False,False,True,False,True,True,False,False,False
corral,RF,15,6,0,3,1,3,3,1,True,0,3,3,False,False,False,False,False,False,False,False,False,False,False,True,True,False,False,False
corral,RF,16,6,1,3,1,3,3,1,True,0,3,4,False,False,False,False,False,False,False,False,False,False,False,True,True,False,False,False
corral,RF,17,6,0,2,1,2,2,1,True,0,3,3,False,False,False,False,False,False,True,False,True,False,True,True,False,False,False,False
corral,RF,18,6,0,2,1,2,2,1,True,0,3,4,False,False,False,False,False,False,True,False,False,False,True,True,False,False,False,False
corral,RF,19,6,0,4,2,3,2,1,True,0,3,5,False,False,False,False,False,False,True,False,True,False,True,True,False,False,False,False
corral,RF,20,6,1,2,1,2,2,1,True,0,3,4,False,False,False,False,False,False,False,False,False,False,False,True,False,False,False,False
corral,RF,21,6,0,2,1,2,2,1,True,0,3,3,False,False,False,False,False,False,False,False,False,False,False,True,False,False,False,False
corral,RF,22,6,0,6,3,4,2,1,False,0,3,5,False,False,False,False,False,True,True,False,True,True,True,True,True,False,True,True
corral,RF,23,6,0,5,2,4,2,1,True,0,3,4,False,False,False,False,False,True,True,False,False,True,True,True,False,False,False,False
corral,RF,24,6,1,4,2,3,2,1,True,0,3,5,False,False,False,False,False,False,False,False,False,False,False,True,False,False,False,False
corral,RF,25,6,1,5,3,3,3,1,True,0,3,4,False,False,False,False,False,True,True,False,True,True,True,True,True,False,False,False
corral,RF,26,6,0,3,2,2,2,1,True,0,3,5,False,False,False,False,False,False,True,False,True,False,True,True,False,False,False,False
corral,RF,27,6,1,2,1,2,2,1,True,0,3,4,False,False,False,False,False,False,False,False,False,False,False,True,False,False,False,False
corral,RF,28,6,1,2,1,2,2,1,True,0,3,3,False,False,False,False,False,False,False,False,False,False,False,True,False,False,False,False
corral,RF,29,6,0,2,1,2,2,1,True,0,3,3,False,False,False,False,False,False,False,False,False,False,False,True,False,False,False,False
corral,RF,30,6,1,4,2,3,3,1,True,0,3,5,False,False,False,False,False,True,True,False,False,True,True,True,True,False,False,True
corral,GB,0,6,0,3,2,2,2,1,True,0,3,4,False,False,False,False,False,False,True,False,False,False,True,True,False,False,False,False
corral,GB,1,6,0,4,4,2,2,2,True,0,3,4,False,False,False,False,False,False,False,True,True,True,True,True,True,False,True,False
corral,GB,2,6,0,4,4,2,2,2,True,0,3,5,False,False,False,False,False,False,False,True,True,True,True,True,True,False,True,False
corral,GB,3,6,1,2,1,2,2,1,True,0,3,3,False,False,False,False,False,False,True,False,True,False,True,True,False,False,False,False
corral,GB,4,6,0,2,1,2,2,1,True,0,3,3,False,False,False,False,False,False,False,False,False,False,False,True,False,False,False,False
corral,GB,5,6,0,2,1,2,2,1,True,0,3,4,False,False,False,False,False,False,True,False,True,False,True,True,False,False,False,False
corral,GB,6,6,0,3,2,2,2,1,True,0,3,4,False,False,False,False,False,False,False,False,False,False,False,True,False,False,False,False
corral,GB,7,6,0,3,2,2,2,1,True,0,3,4,False,False,False,False,False,False,False,False,False,False,False,True,False,False,False,False
corral,GB,8,6,1,4,2,4,2,2,True,0,3,5,False,False,False,False,False,False,False,True,True,True,True,True,True,False,True,False
corral,GB,9,6,0,4,4,2,2,2,True,0,3,6,False,False,False,False,False,False,True,True,True,True,True,True,True,False,True,False
corral,GB,10,6,1,2,1,2,2,1,True,0,3,4,False,False,False,False,False,False,False,False,False,False,False,True,False,False,False,False
corral,GB,11,6,0,2,1,2,2,1,True,0,3,3,False,False,False,False,False,False,True,False,True,False,True,True,False,False,False,False
corral,GB,12,6,0,2,1,2,2,1,True,0,2,2,False,False,False,False,False,False,False,False,False,False,False,True,False,False,False,False
corral,GB,13,6,0,3,2,2,2,1,True,0,3,5,False,False,False,False,False,False,True,False,True,False,True,True,False,False,False,False
corral,GB,14,6,1,2,1,2,2,1,True,0,3,5,False,False,False,False,False,False,False,False,False,False,False,True,False,False,False,False
corral,GB,15,6,0,2,1,2,2,1,True,0,3,3,False,False,False,False,False,False,False,False,False,False,False,True,False,False,False,False
corral,GB,16,6,1,2,1,2,2,1,True,0,3,4,False,False,False,False,False,False,False,False,False,False,False,True,False,False,False,False
corral,GB,17,6,0,2,1,2,2,1,True,0,3,3,False,False,False,False,False,False,True,False,True,False,True,True,False,False,False,False
corral,GB,18,6,0,3,2,2,2,1,True,0,3,4,False,False,False,False,False,False,False,False,False,False,False,True,False,False,False,False
corral,GB,19,6,0,3,2,2,2,1,True,0,3,5,False,False,False,False,False,False,True,False,True,False,True,True,False,False,False,False
corral,GB,20,6,1,2,1,2,2,1,True,0,3,4,False,False,False,False,False,False,False,False,False,False,False,True,False,False,False,False
corral,GB,21,6,0,3,2,2,2,1,True,0,3,3,False,False,False,False,False,False,False,False,False,False,False,True,False,False,False,False
corral,GB,22,6,0,3,2,2,2,1,True,0,3,5,False,False,False,False,False,False,True,False,True,False,True,True,False,False,False,False
corral,GB,23,6,0,2,1,2,2,1,True,0,3,4,False,False,False,False,False,False,True,False,False,False,True,True,False,False,False,False
corral,GB,24,6,1,2,1,2,2,1,True,0,3,5,False,False,False,False,False,False,False,False,False,False,False,True,False,False,False,False
corral,GB,25,6,1,2,1,2,2,1,True,0,3,5,False,False,False,False,False,False,True,False,False,False,True,True,False,False,False,False
corral,GB,26,6,0,3,2,2,2,1,True,0,3,5,False,False,False,False,False,False,True,False,True,False,True,True,False,False,False,False
corral,GB,27,6,1,2,1,2,2,1,True,0,3,4,False,False,False,False,False,False,False,False,True,False,True,True,False,False,False,False
corral,GB,28,6,1,2,1,2,2,1,True,0,3,3,False,False,False,False,False,False,False,False,False,False,False,True,False,False,False,False
corral,GB,29,6,0,2,1,2,2,1,True,0,3,3,False,False,False,False,False,False,False,False,False,False,False,True,False,False,False,False
corral,GB,30,6,1,2,1,2,2,1,True,0,3,5,False,False,False,False,False,False,True,False,False,False,True,True,False,False,False,False
mux6,AD,0,6,0,5,4,3,3,1,True,0,3,5,False,False,False,False,False,True,True,False,False,True,True,True,True,False,False,False
mux6,AD,1,6,1,3,1,3,3,1,True,0,3,3,False,False,False,False,False,False,False,False,False,False,False,True,True,False,False,False
mux6,AD,2,6,0,5,3,4,3,1,True,1,3,5,False,True,True,False,False,True,True,False,False,True,True,True,True,True,True,True
mux6,AD,3,6,0,4,2,3,3,1,True,0,3,4,False,False,False,False,False,False,False,False,False,False,False,True,True,False,False,True
mux6,AD,4,6,1,3,1,3,3,1,True,0,3,4,False,False,False,False,False,False,False,False,False,False,False,True,True,False,False,True
mux6,AD,5,6,1,6,5,5,3,1,False,1,3,5,False,True,True,False,False,True,True,False,False,True,True,True,True,True,True,True
mux6,AD,6,6,0,4,2,3,3,1,True,0,3,4,False,False,False,False,False,True,True,False,False,True,True,True,True,False,False,False
mux6,AD,7,6,1,4,2,3,3,1,True,0,3,4,False,False,False,False,False,True,True,False,False,True,True,True,True,False,False,True
mux6,AD,8,6,0,5,4,3,3,1,True,0,3,4,False,False,False,False,False,True,True,False,False,True,True,True,True,False,False,False
mux6,AD,9,6,1,6,5,5,3,1,False,1,3,4,False,True,True,False,False,True,True,False,False,True,True,True,True,True,True,True
mux6,AD,10,6,1,5,2,4,4,1,True,1,3,4,False,True,True,False,False,True,True,False,False,True,True,True,True,True,False,True
mux6,AD,11,6,0,4,2,3,3,1,True,0,3,3,False,False,False,False,False,True,True,False,False,True,True,True,True,False,False,False
mux6,AD,12,6,1,3,1,3,3,1,True,0,3,4,False,False,False,False,False,False,False,False,False,False,False,True,True,False,False,False
mux6,AD,13,6,0,3,1,3,3,1,True,0,3,3,False,False,False,False,False,False,True,False,False,False,True,True,True,False,False,True
mux6,AD,14,6,0,4,3,4,3,1,True,0,3,4,False,False,False,False,False,True,True,False,False,True,True,True,True,False,False,False
mux6,AD,15,6,0,4,2,3,3,1,True,0,3,3,False,False,False,False,False,True,True,False,False,True,True,True,True,False,False,True
mux6,AD,16,6,1,4,2,3,3,1,True,0,3,4,False,False,False,False,False,True,True,False,False,True,True,True,True,False,False,False
mux6,AD,17,6,1,4,2,3,3,1,True,0,3,4,False,False,False,False,False,False,False,False,False,False,False,True,True,False,False,False
mux6,AD,18,6,1,5,3,5,3,1,True,0,3,5,False,False,False,False,False,True,True,False,False,True,True,True,True,False,False,False
mux6,AD,19,6,1,5,2,4,3,1,True,1,3,5,False,True,True,False,False,True,True,False,True,True,True,True,True,True,True,True
mux6,AD,20,6,0,5,4,4,3,1,True,0,3,4,False,False,False,False,False,True,True,False,False,True,True,True,True,False,False,False
mux6,AD,21,6,0,4,2,3,3,1,True,0,3,3,False,False,False,False,False,False,True,False,False,False,True,True,True,False,False,True
mux6,AD,22,6,0,6,5,5,3,2,False,1,3,6,False,True,True,False,False,True,True,True,True,True,True,True,True,True,True,True
mux6,AD,23,6,1,5,3,4,3,1,True,1,3,5,False,True,True,False,False,True,True,False,False,True,True,True,True,True,True,True
mux6,AD,24,6,0,4,2,3,3,1,True,0,3,4,False,False,False,False,False,True,True,False,True,True,True,True,True,False,False,True
mux6,AD,25,6,0,3,1,3,3,1,True,0,3,3,False,False,False,False,False,False,False,False,False,False,False,True,True,False,False,False
mux6,AD,26,6,0,4,2,3,3,1,True,0,3,4,False,False,False,False,False,True,True,False,False,True,True,True,True,False,False,True
mux6,AD,27,6,1,4,2,3,3,1,True,0,3,3,False,False,False,False,False,True,True,False,False,True,True,True,True,False,False,False
mux6,AD,28,6,0,3,1,3,3,1,True,0,3,4,False,False,False,False,False,False,False,False,False,False,False,True,True,False,False,False
mux6,AD,29,6,0,3,1,3,3,1,True,0,3,3,False,False,False,False,False,False,True,False,False,False,True,True,True,False,False,False
mux6,RF,0,6,0,5,3,4,3,1,True,1,3,5,False,True,False,False,False,False,True,False,False,True,True,True,True,True,True,True
mux6,RF,1,6,1,3,1,3,3,1,True,0,3,3,False,False,False,False,False,False,False,False,False,False,False,True,True,False,False,False
mux6,RF,2,6,0,5,3,4,3,1,True,0,3,5,False,False,False,False,False,True,True,False,False,True,True,True,True,False,False,False
mux6,RF,3,6,0,4,2,3,3,1,True,0,3,4,False,False,False,False,False,True,True,False,False,True,True,True,True,False,False,True
mux6,RF,4,6,1,4,2,3,3,1,True,0,3,3,False,False,False,False,False,True,True,False,False,True,True,True,True,False,False,True
mux6,RF,5,6,1,6,4,4,3,1,False,1,3,5,False,True,True,False,False,True,True,False,False,True,True,True,True,True,True,True
mux6,RF,6,6,0,4,2,3,3,1,True,0,3,3,False,False,False,False,False,True,True,False,False,True,True,True,True,False,False,True
mux6,RF,7,6,1,4,2,3,3,1,True,0,3,3,False,False,False,False,False,True,True,False,False,True,True,True,True,False,False,True
mux6,RF,8,6,0,6,4,4,3,1,False,1,3,5,False,True,False,False,False,True,True,False,False,True,True,True,True,True,True,True
mux6,RF,9,6,1,6,4,4,3,1,False,1,3,6,False,True,True,False,False,True,True,False,False,True,True,True,True,True,True,True
mux6,RF,10,6,1,4,2,3,3,1,True,0,3,4,False,False,False,False,False,True,True,False,False,True,True,True,True,False,False,False
mux6,RF,11,6,1,3,1,3,3,1,True,0,3,3,False,False,False,False,False,False,True,False,True,False,True,True,True,False,False,True
mux6,RF,12,6,1,3,1,3,3,1,True,0,3,4,False,False,False,False,False,False,False,False,False,False,False,True,True,False,False,True
mux6,RF,13,6,1,4,2,3,3,1,True,0,3,4,False,False,False,False,False,True,True,False,False,True,True,True,True,False,False,False
mux6,RF,14,6,0,4,2,3,3,1,True,0,3,3,False,False,False,False,False,True,True,False,False,True,True,True,True,False,False,False
mux6,RF,15,6,0,4,2,3,3,1,True,0,3,3,False,False,False,False,False,True,True,False,False,True,True,True,True,False,False,False
mux6,RF,16,6,1,4,2,3,3,1,True,0,3,4,False,False,False,False,False,False,False,False,False,False,False,True,True,False,False,True
mux6,RF,17,6,1,4,2,3,3,1,True,0,3,4,False,False,False,False,False,False,False,False,False,False,False,True,True,False,False,False
mux6,RF,18,6,1,5,3,4,3,1,True,1,3,5,False,True,True,False,False,True,True,False,False,True,True,True,True,True,True,True
mux6,RF,19,6,1,5,3,4,3,1,True,1,3,5,False,True,True,False,False,True,True,False,True,True,True,True,True,True,True,True
mux6,RF,20,6,0,4,2,3,3,1,True,0,3,4,False,False,False,False,False,True,True,False,False,True,True,True,True,False,False,False
mux6,RF,21,6,0,4,2,3,3,1,True,0,3,4,False,False,False,False,False,False,True,False,False,False,True,True,True,False,False,False
mux6,RF,22,6,0,6,4,4,3,1,False,1,3,5,False,True,True,False,False,True,True,False,True,True,True,True,True,True,True,True
mux6,RF,23,6,1,5,3,4,3,1,True,1,3,5,False,True,True,False,False,True,True,False,False,True,True,True,True,True,True,True
mux6,RF,24,6,0,4,2,3,3,1,True,0,3,4,False,False,False,False,False,True,True,False,False,True,True,True,True,False,False,True
mux6,RF,25,6,0,3,1,3,3,1,True,0,3,3,False,False,False,False,False,False,False,False,False,False,False,True,True,False,False,False
mux6,RF,26,6,0,4,2,3,3,1,True,0,3,4,False,False,False,False,False,False,False,False,False,False,False,True,True,False,False,True
mux6,RF,27,6,1,4,2,3,3,1,True,0,3,3,False,False,False,False,False,False,True,False,False,False,True,True,True,False,False,True
mux6,RF,28,6,0,3,1,3,3,1,True,0,3,4,False,False,False,False,False,False,False,False,False,False,False,True,True,False,False,True
mux6,RF,29,6,0,3,1,3,3,1,True,0,3,3,False,False,False,False,False,False,True,False,False,False,True,True,True,False,False,True
mux6,GB,0,6,0,5,3,4,3,1,True,1,3,6,False,True,False,False,False,False,True,False,False,True,True,True,True,True,True,True
mux6,GB,1,6,1,3,1,3,3,1,True,0,3,3,False,False,False,False,False,False,False,False,False,False,False,True,True,False,False,True
mux6,GB,2,6,0,5,3,4,3,1,True,1,3,5,False,True,True,False,False,True,True,False,False,True,True,True,True,True,True,True
mux6,GB,3,6,0,4,2,3,3,1,True,0,3,4,False,False,False,False,False,False,False,False,False,False,False,True,True,False,False,False
mux6,GB,4,6,1,4,2,3,3,1,True,0,3,4,False,False,False,False,False,True,True,False,False,True,True,True,True,False,False,True
mux6,GB,5,6,1,6,4,4,3,1,False,1,3,6,False,True,True,False,False,True,True,False,False,True,True,True,True,True,True,True
mux6,GB,6,6,0,4,2,3,3,1,True,0,3,4,False,False,False,False,False,False,False,False,False,False,False,True,True,False,False,False
mux6,GB,7,6,1,4,2,3,3,1,True,0,3,4,False,False,False,False,False,True,True,False,False,True,True,True,True,False,False,True
mux6,GB,8,6,0,6,4,4,3,1,False,1,3,5,False,True,False,False,False,True,True,False,False,True,True,True,True,True,True,True
mux6,GB,9,6,1,6,4,4,3,1,False,1,3,6,False,True,True,False,False,True,True,False,False,True,True,True,True,True,True,True
mux6,GB,10,6,1,4,2,3,3,1,True,0,3,4,False,False,False,False,False,False,False,False,False,False,False,True,True,False,False,True
mux6,GB,11,6,1,3,1,3,3,1,True,0,3,3,False,False,False,False,False,False,True,False,False,False,True,True,True,False,False,False
mux6,GB,12,6,1,3,1,3,3,1,True,0,3,4,False,False,False,False,False,False,False,False,False,False,False,True,True,False,False,True
mux6,GB,13,6,1,4,2,3,3,1,True,0,3,4,False,False,False,False,False,True,True,False,False,True,True,True,True,False,False,True
mux6,GB,14,6,0,4,2,3,3,1,True,0,3,4,False,False,False,False,False,False,False,False,False,False,False,True,True,False,False,False
mux6,GB,15,6,0,4,2,3,3,1,True,0,3,3,False,False,False,False,False,True,True,False,False,True,True,True,True,False,False,False
mux6,GB,16,6,1,4,2,3,3,1,True,0,3,4,False,False,False,False,False,True,True,False,False,True,True,True,True,False,False,False
mux6,GB,17,6,1,4,2,3,3,1,True,0,3,4,False,False,False,False,False,False,False,False,False,False,False,True,True,False,False,False
mux6,GB,18,6,1,5,3,4,3,1,True,1,3,5,False,True,True,False,False,False,False,False,False,True,True,True,True,True,True,True
mux6,GB,19,6,1,5,3,4,3,1,True,1,3,5,False,True,True,False,False,False,True,False,True,True,True,True,True,True,True,True
mux6,GB,20,6,0,4,2,3,3,1,True,0,3,4,False,False,False,False,False,True,True,False,False,True,True,True,True,False,False,False
mux6,GB,21,6,0,4,2,3,3,1,True,0,3,5,False,False,False,False,False,False,True,False,False,False,True,True,True,False,False,False
mux6,GB,22,6,0,6,4,4,3,1,False,1,3,4,False,True,True,False,False,True,True,False,True,True,True,True,True,True,True,True
mux6,GB,23,6,1,5,3,4,3,1,True,1,3,5,False,True,True,False,False,False,True,False,False,True,True,True,True,True,True,True
mux6,GB,24,6,0,4,2,3,3,1,True,0,3,4,False,False,False,False,False,True,True,False,False,True,True,True,True,False,False,False
mux6,GB,25,6,0,3,1,3,3,1,True,0,3,3,False,False,False,False,False,False,False,False,False,False,False,True,True,False,False,True
mux6,GB,26,6,0,4,2,3,3,1,True,0,3,4,False,False,False,False,False,True,True,False,False,True,True,True,True,False,False,True
mux6,GB,27,6,1,4,2,3,3,1,True,0,3,4,False,False,False,False,False,True,True,False,False,True,True,True,True,False,False,False
mux6,GB,28,6,0,3,1,3,3,1,True,1,3,4,False,True,True,False,False,True,True,False,False,True,True,True,True,True,True,True
mux6,GB,29,6,0,3,1,3,3,1,True,0,3,3,False,False,False,False,False,False,True,False,False,False,True,True,True,False,False,False
parity5+5,AD,0,10,1,4,1,4,4,1,True,1,3,5,False,True,True,False,False,False,True,False,False,True,True,True,True,True,True,True
parity5+5,AD,1,10,0,6,3,4,4,1,True,1,3,8,False,True,True,False,False,False,True,False,True,True,True,True,True,True,False,True
parity5+5,AD,2,10,0,9,6,7,4,1,True,1,3,7,False,True,True,False,False,True,True,False,True,True,True,True,True,True,False,True
parity5+5,AD,3,10,0,10,8,7,4,1,False,2,3,5,False,True,True,False,False,True,True,False,False,True,True,True,True,True,True,True
parity5+5,AD,4,10,0,7,4,5,4,1,True,1,3,7,False,True,True,False,False,False,True,False,True,True,True,True,True,True,True,True
parity5+5,AD,5,10,0,8,4,8,5,1,True,2,3,6,False,True,True,False,False,False,True,False,True,True,True,True,True,True,False,True
parity5+5,AD,6,10,1,8,5,7,5,1,True,2,3,8,False,True,True,False,False,False,True,False,True,True,True,True,True,True,True,True
parity5+5,AD,7,10,0,5,2,4,4,1,True,1,3,6,False,True,True,False,False,False,True,False,True,True,True,True,True,True,False,True
parity5+5,AD,8,10,0,9,5,7,4,1,True,1,3,7,False,True,True,False,False,True,True,False,False,True,True,True,True,True,False,True
parity5+5,AD,9,10,1,6,3,5,4,1,True,1,3,6,False,True,True,False,False,True,True,False,False,True,True,True,True,True,True,True
parity5+5,AD,10,10,0,8,4,6,4,1,True,2,3,7,False,True,True,False,False,True,True,False,True,True,True,True,True,True,True,True
parity5+5,AD,11,10,1,7,6,4,4,1,True,1,3,8,False,True,True,False,False,True,True,False,False,True,True,True,True,True,True,True
parity5+5,AD,12,10,1,6,6,5,4,1,True,1,3,6,False,True,True,False,False,False,True,False,False,True,True,True,True,True,False,True
parity5+5,AD,13,10,0,10,10,8,4,1,False,2,3,7,False,True,True,False,False,True,True,False,False,True,True,True,True,True,True,True
parity5+5,AD,14,10,1,7,4,5,4,1,True,1,3,8,False,True,True,False,False,True,True,False,False,True,True,True,True,True,True,True
parity5+5,AD,15,10,0,5,2,4,4,1,True,1,3,5,False,True,True,False,False,False,True,False,True,True,True,True,True,True,False,True
parity5+5,AD,16,10,0,8,4,6,4,1,True,1,3,8,False,True,True,False,False,True,True,False,False,True,True,True,True,True,True,True
parity5+5,AD,17,10,1,6,3,4,4,1,True,1,3,6,False,True,True,False,False,False,True,False,True,True,True,True,True,True,False,True
parity5+5,AD,18,10,0,7,4,5,4,1,True,2,3,7,False,True,True,False,False,False,True,False,False,True,True,True,True,True,True,True
parity5+5,AD,19,10,0,10,6,8,4,1,False,2,3,7,False,True,True,False,False,True,True,False,True,True,True,True,True,True,True,True
parity5+5,AD,20,10,1,5,1,5,5,1,True,2,3,5,False,True,True,False,False,False,True,False,True,True,True,True,True,True,False,True
parity5+5,AD,21,10,0,7,3,5,4,1,True,1,3,7,False,True,True,False,False,True,True,False,False,True,True,True,True,True,False,True
parity5+5,AD,22,10,1,6,3,4,4,1,True,1,3,5,False,True,True,False,False,False,False,False,False,True,True,True,True,True,False,True
parity5+5,AD,23,10,1,6,3,4,4,1,True,1,3,5,False,True,True,False,False,False,True,False,False,True,True,True,True,True,False,True
parity5+5,AD,24,10,1,10,7,9,4,1,False,2,3,5,False,True,True,False,False,True,True,False,False,True,True,True,True,True,True,True
parity5+5,AD,25,10,0,10,10,8,4,2,False,1,3,7,False,True,True,False,False,True,True,True,True,True,True,True,True,True,True,True
parity5+5,AD,26,10,0,7,6,4,4,1,True,1,3,6,False,True,True,False,False,True,True,False,False,True,True,True,True,True,True,True
parity5+5,AD,27,10,1,7,6,5,4,1,True,1,3,3,False,True,True,False,False,True,True,False,True,True,True,True,True,True,True,True
parity5+5,AD,28,10,1,5,2,4,4,1,True,2,3,8,False,True,True,False,False,False,True,False,True,True,True,True,True,True,True,True
parity5+5,AD,29,10,1,8,2,7,5,1,True,3,3,9,False,True,True,False,False,True,True,False,False,True,True,True,True,True,True,True
parity5+5,AD,30,10,0,9,6,7,4,1,True,2,3,7,False,True,True,False,False,True,True,False,True,True,True,True,True,True,True,True
parity5+5,AD,31,10,1,7,3,7,4,1,True,2,3,4,False,True,True,False,False,False,True,False,False,True,True,True,True,True,True,True
parity5+5,AD,32,10,1,5,2,4,4,1,True,1,3,5,False,True,True,False,False,True,True,False,True,True,True,True,True,True,True,True
parity5+5,AD,33,10,0,9,6,6,5,1,True,2,3,7,False,True,True,False,False,True,True,False,False,True,True,True,True,True,True,True
parity5+5,AD,34,10,0,6,2,5,5,1,True,2,3,7,False,True,True,False,False,False,True,False,False,True,True,True,True,True,True,True
parity5+5,AD,35,10,0,8,4,6,5,1,True,2,3,7,False,True,True,False,False,False,True,False,True,True,True,True,True,True,True,True
parity5+5,AD,36,10,0,7,3,5,4,1,True,1,3,5,False,True,True,False,False,False,True,False,False,True,True,True,True,True,True,True
parity5+5,AD,37,10,0,7,2,6,5,1,True,3,3,3,False,True,True,False,False,True,True,False,True,True,True,True,True,True,True,True
parity5+5,AD,38,10,1,5,1,5,5,1,True,2,3,7,False,True,True,False,False,False,False,False,False,True,True,True,True,True,True,True
parity5+5,AD,39,10,0,8,4,6,5,1,True,2,3,5,False,True,True,False,False,True,True,False,True,True,True,True,True,True,False,True
parity5+5,AD,40,10,1,4,1,4,4,1,True,1,3,6,False,True,True,False,False,False,True,False,False,True,True,True,True,True,True,True
parity5+5,AD,41,10,0,6,3,5,4,1,True,1,3,5,False,True,True,False,False,False,True,False,False,True,True,True,True,True,True,True
parity5+5,AD,42,10,0,5,2,4,4,1,True,1,3,6,False,True,True,False,False,False,True,False,True,True,True,True,True,True,False,True
parity5+5,AD,43,10,1,8,6,6,4,1,True,2,3,8,False,True,True,False,False,True,True,False,False,True,True,True,True,True,True,True
parity5+5,AD,44,10,0,7,4,4,4,1,True,1,3,6,False,True,True,False,False,True,True,False,False,True,True,True,True,True,True,True
parity5+5,AD,45,10,0,9,6,8,4,1,True,1,3,6,False,True,True,False,False,True,True,False,True,True,True,True,True,True,False,True
parity5+5,AD,46,10,1,7,2,6,5,1,True,2,3,7,False,True,True,False,False,True,True,False,False,True,True,True,True,True,True,True
parity5+5,AD,47,10,1,8,3,6,4,1,True,2,3,5,False,True,True,False,False,True,True,False,True,True,True,True,True,True,True,True
parity5+5,AD,48,10,1,7,2,6,4,1,True,1,3,7,False,True,True,False,False,True,True,False,True,True,True,True,True,True,True,True
parity5+5,AD,49,10,0,10,8,8,4,1,False,2,3,6,False,True,True,False,False,True,True,False,True,True,True,True,True,True,True,True
parity5+5,RF,0,10,1,9,4,6,5,1,True,2,3,5,False,True,True,False,False,True,True,False,False,True,True,True,True,True,False,True
parity5+5,RF,1,10,0,10,27,20,5,2,False,2,3,9,False,True,True,False,False,True,True,True,True,True,True,True,True,True,True,True
parity5+5,RF,2,10,0,10,5,8,6,1,False,3,3,7,False,True,True,False,False,True,True,False,False,True,True,True,True,True,False,True
parity5+5,RF,3,10,0,10,28,22,5,2,False,3,3,9,False,True,True,False,False,True,True,True,True,True,True,True,True,True,True,True
parity5+5,RF,4,10,1,8,3,6,6,1,True,3,3,7,False,True,True,False,False,True,True,False,True,True,True,True,True,True,False,True
parity5+5,RF,5,10,1,9,4,7,5,1,True,2,3,7,False,True,True,False,False,True,True,False,False,True,True,True,True,True,False,True
parity5+5,RF,6,10,0,10,8,8,5,1,False,2,3,7,False,True,True,False,False,True,True,False,True,True,True,True,True,True,True,True
parity5+5,RF,7,10,0,7,3,5,5,1,True,2,3,5,False,True,True,False,False,False,True,False,True,True,True,True,True,True,False,True
parity5+5,RF,8,10,1,10,3,9,8,1,False,5,3,5,False,True,True,False,False,True,True,False,True,True,True,True,True,True,True,True
parity5+5,RF,9,10,1,8,4,7,5,1,True,2,3,4,False,True,True,False,False,True,True,False,False,True,True,True,True,True,True,True
parity5+5,RF,10,10,0,10,15,14,5,1,False,3,3,7,False,True,True,False,False,True,True,False,True,True,True,True,True,True,True,True
parity5+5,RF,11,10,0,10,7,11,6,1,False,3,3,6,False,True,True,False,False,True,True,False,True,True,True,True,True,True,True,True
parity5+5,RF,12,10,1,10,21,24,5,2,False,2,3,7,False,True,True,False,False,True,True,True,True,True,True,True,True,True,False,True
parity5+5,RF,13,10,0,10,16,19,5,1,False,2,3,9,False,True,True,False,False,True,True,False,True,True,True,True,True,True,False,True
parity5+5,RF,14,10,1,10,13,13,5,1,False,2,3,6,False,True,True,False,False,True,True,False,True,True,True,True,True,True,False,True
parity5+5,RF,15,10,1,10,7,9,5,1,False,2,3,6,False,True,True,False,False,True,True,False,True,True,True,True,True,True,True,True
parity5+5,RF,16,10,0,10,17,17,5,1,False,2,3,9,False,True,True,False,False,True,True,True,True,True,True,True,True,True,True,True
parity5+5,RF,17,10,1,10,12,10,5,1,False,2,3,6,False,True,True,False,False,True,True,False,True,True,True,True,True,True,True,True
parity5+5,RF,18,10,0,10,9,12,5,1,False,2,3,6,False,True,True,False,False,True,True,True,True,True,True,True,True,True,True,True
parity5+5,RF,19,10,1,8,4,6,6,1,True,3,3,6,False,True,True,False,False,True,True,False,False,True,True,True,True,True,True,True
parity5+5,RF,20,10,0,10,13,10,5,1,False,2,3,7,False,True,True,False,False,True,True,True,True,True,True,True,True,True,True,True
parity5+5,RF,21,10,1,8,4,6,6,1,True,3,3,4,False,True,True,False,False,True,True,False,True,True,True,True,True,True,True,True
parity5+5,RF,22,10,1,9,5,5,4,1,True,1,3,4,False,True,True,False,False,True,True,False,False,True,True,True,True,True,True,True
parity5+5,RF,23,10,1,10,11,11,5,1,False,2,3,6,False,True,True,False,False,True,True,False,False,True,True,True,True,True,True,True
parity5+5,RF,24,10,1,10,13,17,5,1,False,2,3,7,False,True,True,False,False,True,True,True,True,True,True,True,True,True,False,True
parity5+5,RF,25,10,0,10,19,22,4,2,False,1,3,9,False,True,True,False,False,True,True,True,True,True,True,True,True,True,True,True
parity5+5,RF,26,10,0,9,6,9,4,1,True,1,3,6,False,True,True,False,False,True,True,False,False,True,True,True,True,True,True,True
parity5+5,RF,27,10,1,6,2,5,5,1,True,2,3,5,False,True,True,False,False,False,True,False,True,True,True,True,True,True,False,True
parity5+5,RF,28,10,1,10,11,15,4,1,False,2,3,8,False,True,True,False,False,True,True,False,False,True,True,True,True,True,True,True
parity5+5,RF,29,10,1,9,11,17,5,2,True,2,3,8,False,True,True,False,False,True,True,True,True,True,True,True,True,True,False,True
parity5+5,RF,30,10,0,10,18,13,5,1,False,2,3,9,False,True,True,False,False,True,True,False,False,True,True,True,True,True,True,True
parity5+5,RF,31,10,1,10,10,14,5,1,False,2,3,8,False,True,True,False,False,True,True,False,True,True,True,True,True,True,True,True
parity5+5,RF,32,10,1,10,11,9,5,1,False,2,3,6,False,True,True,False,False,True,True,False,True,True,True,True,True,True,False,True
parity5+5,RF,33,10,1,7,2,6,5,1,True,2,3,4,False,True,True,False,False,True,True,False,True,True,True,True,True,True,True,True
parity5+5,RF,34,10,0,8,3,7,6,1,True,3,3,6,False,True,True,False,False,True,True,False,False,True,True,True,True,True,True,True
parity5+5,RF,35,10,1,10,10,10,6,1,False,3,3,5,False,True,True,False,False,True,True,False,False,True,True,True,True,True,True,True
parity5+5,RF,36,10,1,9,6,6,5,1,True,2,3,7,False,True,True,False,False,False,True,False,False,True,True,True,True,True,False,True
parity5+5,RF,37,10,1,10,9,11,5,1,False,2,3,6,False,True,True,False,False,True,True,False,True,True,True,True,True,True,False,True
parity5+5,RF,38,10,1,7,2,6,5,1,True,2,3,6,False,True,True,False,False,True,True,False,False,True,True,True,True,True,False,True
parity5+5,RF,39,10,1,10,6,7,6,1,False,4,3,5,False,True,True,False,False,True,True,False,True,True,True,True,True,True,True,True
parity5+5,RF,40,10,1,9,3,7,6,1,True,3,3,6,False,True,True,False,False,True,True,False,False,True,True,True,True,True,True,True
parity5+5,RF,41,10,0,10,11,12,5,1,False,2,3,7,False,True,True,False,False,True,True,False,False,True,True,True,True,True,True,True
parity5+5,RF,42,10,0,7,3,5,4,1,True,1,3,6,False,True,True,False,False,False,True,False,True,True,True,True,True,True,False,True
parity5+5,RF,43,10,1,10,12,15,5,2,False,2,3,8,False,True,True,False,False,True,True,True,True,True,True,True,True,True,False,True
parity5+5,RF,44,10,0,10,6,10,4,1,False,1,3,8,False,True,True,False,False,True,True,False,False,True,True,True,True,True,True,True
parity5+5,RF,45,10,0,10,11,9,5,1,False,2,3,7,False,True,True,False,False,True,True,False,False,True,True,True,True,True,True,True
parity5+5,RF,46,10,1,9,4,8,5,1,True,2,3,6,False,True,True,False,False,True,True,False,False,True,True,True,True,True,False,True
parity5+5,RF,47,10,1,5,1,5,5,1,True,2,3,5,False,True,True,False,False,True,True,False,False,True,True,True,True,True,False,True
parity5+5,RF,48,10,0,10,19,15,6,1,False,3,3,6,False,True,True,False,False,True,True,False,True,True,True,True,True,True,False,True
parity5+5,RF,49,10,0,10,7,6,5,1,False,2,3,5,False,True,True,False,False,True,True,False,False,True,True,True,True,True,True,True
parity5+5,GB,0,10,0,9,4,7,6,1,True,3,3,6,False,True,True,False,False,True,True,False,False,True,True,True,True,True,False,True
parity5+5,GB,1,10,0,10,8,15,4,1,False,1,3,9,False,True,True,False,False,True,True,True,True,True,True,True,True,True,False,True
parity5+5,GB,2,10,0,7,2,6,5,1,True,2,3,7,False,True,True,False,False,True,True,False,False,True,True,True,True,True,True,True
parity5+5,GB,3,10,0,10,5,10,6,1,False,3,3,7,False,True,True,False,False,True,True,False,False,True,True,True,True,True,True,True
parity5+5,GB,4,10,0,10,4,10,5,1,False,3,3,8,False,True,True,False,False,True,True,True,True,True,True,True,True,True,True,True
parity5+5,GB,5,10,1,10,4,10,4,1,False,1,3,6,False,True,True,False,False,True,True,False,False,True,True,True,True,True,False,True
parity5+5,GB,6,10,0,10,9,20,5,2,False,2,3,7,False,True,True,False,False,True,True,True,True,True,True,True,True,True,True,True
parity5+5,GB,7,10,0,10,8,10,4,1,False,1,3,8,False,True,True,False,False,True,True,False,True,True,True,True,True,True,True,True
parity5+5,GB,8,10,1,8,4,7,5,1,True,2,3,5,False,True,True,False,False,True,True,True,True,True,True,True,True,True,True,True
parity5+5,GB,9,10,1,10,4,10,3,1,False,0,3,7,False,False,False,False,False,True,True,False,False,True,True,True,True,False,False,False
parity5+5,GB,10,10,0,10,9,15,4,1,False,2,3,8,False,True,True,False,False,True,True,False,True,True,True,True,True,True,True,True
parity5+5,GB,11,10,0,9,4,7,5,1,True,2,3,7,False,True,True,False,False,False,True,False,False,True,True,True,True,True,True,True
parity5+5,GB,12,10,1,6,3,4,3,1,True,0,3,5,False,False,False,False,False,False,True,False,False,False,True,True,True,False,False,False
parity5+5,GB,13,10,1,5,1,5,5,1,True,2,3,4,False,True,True,False,False,False,True,False,False,True,True,True,True,True,True,True
parity5+5,GB,14,10,1,9,7,10,4,1,True,1,3,7,False,True,True,False,False,True,True,False,True,True,True,True,True,True,False,True
parity5+5,GB,15,10,1,10,6,7,7,1,False,4,3,3,False,True,True,False,False,True,True,False,True,True,True,True,True,True,True,True
parity5+5,GB,16,10,0,10,9,10,4,1,False,1,3,7,False,True,True,False,False,True,True,False,False,True,True,True,True,True,True,True
parity5+5,GB,17,10,1,9,8,10,4,1,True,1,3,7,False,True,True,False,False,True,True,False,True,True,True,True,True,True,False,True
parity5+5,GB,18,10,0,9,5,7,5,1,True,2,3,6,False,True,True,False,False,True,True,False,True,True,True,True,True,True,False,True
parity5+5,GB,19,10,0,9,2,8,8,1,True,5,3,7,False,True,True,False,False,True,True,False,True,True,True,True,True,True,True,True
parity5+5,GB,20,10,0,9,6,10,4,1,True,1,3,7,False,True,True,False,False,True,True,False,True,True,True,True,True,True,False,True
parity5+5,GB,21,10,1,8,4,7,5,1,True,3,3,5,False,True,True,False,False,False,False,False,False,True,True,True,True,True,True,True
parity5+5,GB,22,10,1,6,2,5,5,1,True,2,3,6,False,True,True,False,False,False,True,False,False,True,True,True,True,True,False,True
parity5+5,GB,23,10,0,8,3,7,6,1,True,3,3,7,False,True,True,False,False,False,True,False,False,True,True,True,True,True,True,True
parity5+5,GB,24,10,1,10,5,7,5,1,False,2,3,6,False,True,True,False,False,True,True,False,False,True,True,True,True,True,False,True
parity5+5,GB,25,10,0,10,10,22,4,2,False,1,3,9,False,True,True,False,False,True,True,True,True,True,True,True,True,True,False,True
parity5+5,GB,26,10,0,9,4,8,4,1,True,1,3,7,False,True,True,False,False,True,True,False,False,True,True,True,True,True,True,True
parity5+5,GB,27,10,1,8,3,6,3,1,True,0,3,3,False,False,False,False,False,True,True,False,True,True,True,True,True,False,False,True
parity5+5,GB,28,10,1,10,8,13,4,1,False,1,3,7,False,True,True,False,False,True,True,False,True,True,True,True,True,True,True,True
parity5+5,GB,29,10,1,10,9,11,5,1,False,2,3,8,False,True,True,False,False,True,True,False,False,True,True,True,True,True,True,True
parity5+5,GB,30,10,0,10,12,16,5,1,False,2,3,6,False,True,True,False,False,True,True,False,False,True,True,True,True,True,True,True
parity5+5,GB,31,10,1,9,5,7,5,1,True,2,3,6,False,True,True,False,False,True,True,False,True,True,True,True,True,True,True,True
parity5+5,GB,32,10,1,6,4,7,3,1,True,1,3,6,False,True,True,False,False,False,True,False,True,True,True,True,True,True,True,True
parity5+5,GB,33,10,0,6,2,5,5,1,True,2,3,5,False,True,True,False,False,False,True,False,False,True,True,True,True,True,True,True
parity5+5,GB,34,10,1,4,1,4,4,1,True,1,3,5,False,True,True,False,False,False,False,False,False,True,True,True,True,True,False,True
parity5+5,GB,35,10,1,7,2,6,5,1,True,2,3,6,False,True,True,False,False,True,True,False,False,True,True,True,True,True,True,True
parity5+5,GB,36,10,0,7,2,6,6,1,True,3,3,6,False,True,True,False,False,False,True,False,False,True,True,True,True,True,True,True
parity5+5,GB,37,10,1,10,7,12,4,1,False,1,3,6,False,True,True,False,False,True,True,False,True,True,True,True,True,True,False,True
parity5+5,GB,38,10,0,9,4,6,5,1,True,2,3,6,False,True,True,False,False,True,True,False,True,True,True,True,True,True,False,True
parity5+5,GB,39,10,1,9,4,7,5,1,True,3,3,5,False,True,True,False,False,True,True,False,True,True,True,True,True,True,True,True
parity5+5,GB,40,10,1,8,3,6,5,1,True,3,3,6,False,True,True,False,False,True,True,False,False,True,True,True,True,True,True,True
parity5+5,GB,41,10,0,10,9,13,5,1,False,2,3,6,False,True,True,False,False,True,True,False,False,True,True,True,True,True,True,True
parity5+5,GB,42,10,0,9,5,5,4,1,True,1,3,7,False,True,True,False,False,False,True,False,True,True,True,True,True,True,False,True
parity5+5,GB,43,10,1,10,9,14,5,1,False,2,3,7,False,True,True,False,False,True,True,False,True,True,True,True,True,True,False,True
parity5+5,GB,44,10,0,10,8,10,4,1,False,1,3,8,False,True,True,False,False,True,True,True,True,True,True,True,True,True,True,True
parity5+5,GB,45,10,0,9,4,7,6,1,True,3,3,5,False,True,True,False,False,True,True,False,False,True,True,True,True,True,True,True
parity5+5,GB,46,10,1,10,7,12,5,1,False,2,3,7,False,True,True,False,False,True,True,False,False,True,True,True,True,True,True,True
parity5+5,GB,47,10,1,10,7,6,5,1,False,2,3,5,False,True,True,False,False,True,True,False,True,True,True,True,True,True,False,True
parity5+5,GB,48,10,1,9,4,6,5,1,True,3,3,4,False,True,True,False,False,True,True,False,True,True,True,True,True,True,True,True
parity5+5,GB,49,10,0,7,2,6,5,1,True,2,3,6,False,True,True,False,False,True,True,False,False,True,True,True,True,True,True,True
monk1,AD,0,6,0,3,1,3,3,1,True,0,3,5,False,False,False,False,False,False,True,False,True,False,True,True,True,False,False,False
monk1,AD,1,6,0,5,2,4,4,1,True,1,3,4,False,True,True,False,False,False,True,False,True,True,True,True,True,True,True,True
monk1,AD,2,6,1,3,1,3,3,1,True,0,3,4,False,False,False,False,False,False,False,False,False,False,False,True,True,False,False,True
monk1,AD,3,6,1,4,2,3,3,1,True,0,3,5,False,False,False,False,False,True,True,False,False,True,True,True,True,False,False,True
monk1,AD,4,6,1,1,1,1,1,1,True,0,2,2,False,False,False,False,False,False,False,False,False,False,False,False,False,False,False,False
monk1,AD,5,6,1,4,2,3,3,1,True,0,3,5,False,False,False,False,False,True,True,False,True,True,True,True,True,False,False,True
monk1,AD,6,6,0,3,1,3,3,1,True,0,3,3,False,False,False,False,False,False,False,False,False,False,False,True,True,False,False,False
monk1,AD,7,6,1,3,1,3,3,1,True,0,3,4,False,False,False,False,False,False,False,False,False,False,False,True,True,False,False,True
monk1,AD,8,6,1,3,1,3,3,1,True,0,3,3,False,False,False,False,False,False,False,False,False,False,False,True,True,False,False,True
monk1,AD,9,6,1,1,1,1,1,1,True,0,3,3,False,False,False,False,False,False,False,False,False,False,False,False,False,False,False,False
monk1,AD,10,6,0,3,1,3,3,1,True,0,3,5,False,False,False,False,False,False,False,False,False,False,False,True,True,False,False,False
monk1,AD,11,6,0,3,1,3,3,1,True,0,3,4,False,False,False,False,False,False,True,False,False,False,True,True,True,False,False,False
monk1,AD,12,6,0,3,1,3,3,1,True,0,3,3,False,False,False,False,False,False,True,False,False,False,True,True,True,False,False,False
monk1,AD,13,6,1,1,1,1,1,1,True,0,3,4,False,False,False,False,False,False,False,False,False,False,False,False,False,False,False,False
monk1,AD,14,6,1,3,1,3,3,1,True,0,3,4,False,False,False,False,False,False,False,False,False,False,False,True,True,False,False,True
monk1,AD,15,6,1,2,1,2,2,1,True,0,3,3,False,False,False,False,False,False,True,False,True,False,True,True,False,False,False,False
monk1,AD,16,6,1,3,1,3,3,1,True,0,3,4,False,False,False,False,False,False,True,False,True,False,True,True,True,False,False,True
monk1,AD,17,6,1,4,2,3,1,2,True,0,3,5,False,False,False,False,False,False,False,True,True,True,True,False,False,False,False,False
monk1,AD,18,6,1,5,3,3,1,2,True,0,3,6,False,False,False,False,False,False,True,True,True,True,True,False,False,False,False,False
monk1,AD,19,6,0,3,1,3,3,1,True,0,3,5,False,False,False,False,False,False,False,False,False,False,False,True,True,False,False,False
monk1,AD,20,6,1,1,1,1,1,1,True,0,3,4,False,False,False,False,False,False,False,False,False,False,False,False,False,False,False,False
monk1,AD,21,6,1,3,1,3,3,1,True,0,3,4,False,False,False,False,False,False,True,False,True,False,True,True,True,False,False,True
monk1,AD,22,6,1,2,1,2,2,1,True,0,2,2,False,False,False,False,False,False,False,False,False,False,False,True,False,False,False,False
monk1,AD,23,6,1,3,1,3,3,1,True,0,3,4,False,False,False,False,False,False,True,False,True,False,True,True,True,False,False,True
monk1,AD,24,6,0,3,1,3,3,1,True,0,3,5,False,False,False,False,False,False,False,False,False,False,False,True,True,False,False,False
monk1,AD,25,6,0,3,1,3,3,1,True,0,3,4,False,False,False,False,False,False,True,False,True,False,True,True,True,False,False,False
monk1,AD,26,6,0,3,1,3,3,1,True,0,3,4,False,False,False,False,False,False,True,False,False,False,True,True,True,False,False,False
monk1,AD,27,6,0,5,2,4,3,1,True,0,3,6,False,False,False,False,False,False,True,False,True,False,True,True,True,False,False,False
monk1,AD,28,6,0,3,1,3,3,1,True,0,3,4,False,False,False,False,False,False,False,False,False,False,False,True,True,False,False,False
monk1,AD,29,6,1,4,2,3,3,1,True,0,3,5,False,False,False,False,False,True,True,False,False,True,True,True,True,False,False,True
monk1,AD,30,6,0,5,2,4,4,1,True,1,3,3,False,True,True,False,False,False,False,False,False,True,True,True,True,True,True,True
monk1,AD,31,6,1,3,1,3,3,1,True,0,3,4,False,False,False,False,False,False,False,False,False,False,False,True,True,False,False,True
monk1,AD,32,6,0,5,2,4,4,1,True,1,3,3,False,True,True,False,False,False,True,False,False,True,True,True,True,True,True,True
monk1,AD,33,6,1,1,1,1,1,1,True,0,2,2,False,False,False,False,False,False,False,False,False,False,False,False,False,False,False,False
monk1,AD,34,6,1,1,1,1,1,1,True,0,3,3,False,False,False,False,False,False,False,False,False,False,False,False,False,False,False,False
monk1,AD,35,6,1,4,2,3,1,2,True,0,3,5,False,False,False,False,False,False,False,True,True,True,True,False,False,False,False,False
monk1,AD,36,6,0,3,1,3,3,1,True,0,3,5,False,False,False,False,False,False,False,False,False,False,False,True,True,False,False,False
monk1,AD,37,6,1,4,2,3,3,1,True,0,3,5,False,False,False,False,False,True,True,False,False,True,True,True,True,False,False,True
monk1,AD,38,6,1,1,1,1,1,1,True,0,3,4,False,False,False,False,False,False,False,False,False,False,False,False,False,False,False,False
monk1,AD,39,6,0,5,2,4,4,1,True,1,3,3,False,True,True,False,False,False,True,False,False,True,True,True,True,True,True,True
monk1,AD,40,6,0,3,1,3,3,1,True,0,3,3,False,False,False,False,False,False,True,False,False,False,True,True,True,False,False,False
monk1,AD,41,6,0,3,1,3,3,1,True,0,3,5,False,False,False,False,False,False,True,False,True,False,True,True,True,False,False,False
monk1,AD,42,6,1,3,2,2,1,2,True,0,3,5,False,False,False,False,False,False,False,True,True,True,True,False,False,False,False,False
monk1,AD,43,6,1,4,2,3,1,2,True,0,3,4,False,False,False,False,False,False,False,True,True,True,True,False,False,False,False,False
monk1,AD,44,6,0,3,1,3,3,1,True,0,3,3,False,False,False,False,False,False,True,False,True,False,True,True,True,False,False,False
monk1,AD,45,6,1,3,1,3,3,1,True,0,3,4,False,False,False,False,False,False,True,False,True,False,True,True,True,False,False,True
monk1,AD,46,6,1,3,1,3,3,1,True,0,3,3,False,False,False,False,False,False,True,False,True,False,True,True,True,False,False,True
monk1,AD,47,6,0,3,1,3,3,1,True,0,3,4,False,False,False,False,False,False,True,False,False,False,True,True,True,False,False,False
monk1,AD,48,6,1,1,1,1,1,1,True,0,1,1,False,False,False,False,False,False,False,False,False,False,False,False,False,False,False,False
monk1,AD,49,6,1,1,1,1,1,1,True,0,3,3,False,False,False,False,False,False,False,False,False,False,False,False,False,False,False,False
monk1,RF,0,6,0,3,1,3,3,1,True,0,3,3,False,False,False,False,False,False,False,False,True,False,True,True,True,False,False,False
monk1,RF,1,6,1,2,1,2,2,1,True,0,3,3,False,False,False,False,False,False,False,False,False,False,False,True,False,False,False,False
monk1,RF,2,6,1,2,1,2,2,1,True,0,3,3,False,False,False,False,False,False,False,False,False,False,False,True,False,False,False,False
monk1,RF,3,6,1,4,1,4,4,1,True,1,3,3,False,True,True,False,False,False,True,False,False,True,True,True,True,True,True,True
monk1,RF,4,6,1,1,1,1,1,1,True,0,2,2,False,False,False,False,False,False,False,False,False,False,False,False,False,False,False,False
monk1,RF,5,6,1,2,1,2,2,1,True,0,3,4,False,False,False,False,False,False,False,False,False,False,False,True,False,False,False,False
monk1,RF,6,6,0,3,1,3,3,1,True,0,3,5,False,False,False,False,False,False,False,False,False,False,False,True,True,False,False,False
monk1,RF,7,6,0,4,2,3,3,1,True,0,3,6,False,False,False,False,False,False,True,False,True,False,True,True,True,False,False,False
monk1,RF,8,6,0,3,1,3,3,1,True,0,3,3,False,False,False,False,False,False,False,False,False,False,False,True,True,False,False,True
monk1,RF,9,6,1,1,1,1,1,1,True,0,1,1,False,False,False,False,False,False,False,False,False,False,False,False,False,False,False,False
monk1,RF,10,6,0,3,1,3,3,1,True,0,3,4,False,False,False,False,False,False,False,False,False,False,False,True,True,False,False,False
monk1,RF,11,6,0,3,1,3,3,1,True,0,3,3,False,False,False,False,False,False,True,False,False,False,True,True,True,False,False,False
monk1,RF,12,6,0,3,1,3,3,1,True,0,3,6,False,False,False,False,False,False,True,False,False,False,True,True,True,False,False,False
monk1,RF,13,6,1,1,1,1,1,1,True,0,1,1,False,False,False,False,False,False,False,False,False,False,False,False,False,False,False,False
monk1,RF,14,6,0,3,1,3,3,1,True,0,3,4,False,False,False,False,False,False,True,False,False,False,True,True,True,False,False,True
monk1,RF,15,6,1,2,1,2,2,1,True,0,2,2,False,False,False,False,False,False,True,False,False,False,True,True,False,False,False,False
monk1,RF,16,6,0,6,4,4,3,1,False,1,3,4,False,True,True,False,False,True,True,False,False,True,True,True,True,True,True,True
monk1,RF,17,6,1,1,1,1,1,1,True,0,3,4,False,False,False,False,False,False,False,False,False,False,False,False,False,False,False,False
monk1,RF,18,6,1,1,1,1,1,1,True,0,1,1,False,False,False,False,False,False,False,False,False,False,False,False,False,False,False,False
monk1,RF,19,6,0,3,1,3,3,1,True,0,3,3,False,False,False,False,False,False,False,False,False,False,False,True,True,False,False,False
monk1,RF,20,6,1,1,1,1,1,1,True,0,1,1,False,False,False,False,False,False,False,False,False,False,False,False,False,False,False,False
monk1,RF,21,6,0,6,3,4,3,1,False,0,3,5,False,False,False,False,False,True,True,False,False,True,True,True,True,False,False,True
monk1,RF,22,6,1,2,1,2,2,1,True,0,3,3,False,False,False,False,False,False,False,False,False,False,False,True,False,False,False,False
monk1,RF,23,6,0,3,1,3,3,1,True,0,3,3,False,False,False,False,False,False,True,False,True,False,True,True,True,False,False,True
monk1,RF,24,6,0,3,1,3,3,1,True,0,3,3,False,False,False,False,False,False,False,False,False,False,False,True,True,False,False,False
monk1,RF,25,6,0,3,1,3,3,1,True,0,3,3,False,False,False,False,False,False,True,False,True,False,True,True,True,False,False,False
monk1,RF,26,6,0,3,1,3,3,1,True,0,3,5,False,False,False,False,False,False,True,False,False,False,True,True,True,False,False,False
monk1,RF,27,6,0,3,1,3,3,1,True,0,3,4,False,False,False,False,False,False,True,False,True,False,True,True,True,False,False,False
monk1,RF,28,6,0,3,1,3,3,1,True,0,3,4,False,False,False,False,False,False,False,False,False,False,False,True,True,False,False,False
monk1,RF,29,6,0,4,2,3,3,1,True,0,3,4,False,False,False,False,False,True,True,False,False,True,True,True,True,False,False,True
monk1,RF,30,6,1,2,1,2,2,1,True,0,2,2,False,False,False,False,False,False,False,False,False,False,False,True,False,False,False,False
monk1,RF,31,6,0,6,3,4,3,1,False,0,3,4,False,False,False,False,False,True,True,False,False,True,True,True,True,False,False,False
monk1,RF,32,6,1,2,1,2,2,1,True,0,2,2,False,False,False,False,False,False,False,False,False,False,False,True,False,False,False,False
monk1,RF,33,6,1,1,1,1,1,1,True,0,1,1,False,False,False,False,False,False,False,False,False,False,False,False,False,False,False,False
monk1,RF,34,6,1,1,1,1,1,1,True,0,2,2,False,False,False,False,False,False,False,False,False,False,False,False,False,False,False,False
monk1,RF,35,6,1,5,2,4,1,2,True,0,3,6,False,False,False,False,False,True,True,True,True,True,True,False,False,False,False,False
monk1,RF,36,6,0,3,1,3,3,1,True,0,3,3,False,False,False,False,False,False,False,False,False,False,False,True,True,False,False,False
monk1,RF,37,6,0,4,2,3,3,1,True,0,3,3,False,False,False,False,False,False,False,False,False,False,False,True,True,False,False,False
monk1,RF,38,6,1,1,1,1,1,1,True,0,3,3,False,False,False,False,False,False,False,False,False,False,False,False,False,False,False,False
monk1,RF,39,6,1,2,1,2,2,1,True,0,2,2,False,False,False,False,False,False,False,False,False,False,False,True,False,False,False,False
monk1,RF,40,6,0,3,1,3,3,1,True,0,3,6,False,False,False,False,False,False,True,False,False,False,True,True,True,False,False,False
monk1,RF,41,6,0,3,1,3,3,1,True,0,3,4,False,False,False,False,False,False,True,False,True,False,True,True,True,False,False,False
monk1,RF,42,6,1,3,2,2,1,2,True,0,3,4,False,False,False,False,False,False,False,True,True,True,True,False,False,False,False,False
monk1,RF,43,6,1,1,1,1,1,1,True,0,2,2,False,False,False,False,False,False,False,False,False,False,False,False,False,False,False,False
monk1,RF,44,6,0,3,1,3,3,1,True,0,3,5,False,False,False,False,False,False,True,False,True,False,True,True,True,False,False,False
monk1,RF,45,6,0,3,1,3,3,1,True,0,3,3,False,False,False,False,False,False,True,False,True,False,True,True,True,False,False,True
monk1,RF,46,6,0,3,1,3,3,1,True,0,3,3,False,False,False,False,False,False,False,False,False,False,False,True,True,False,False,False
monk1,RF,47,6,0,4,2,3,3,1,True,0,3,5,False,False,False,False,False,False,True,False,False,False,True,True,True,False,False,False
monk1,RF,48,6,1,1,1,1,1,1,True,0,3,3,False,False,False,False,False,False,False,False,False,False,False,False,False,False,False,False
monk1,RF,49,6,1,1,1,1,1,1,True,0,2,2,False,False,False,False,False,False,False,False,False,False,False,False,False,False,False,False
monk1,GB,0,6,0,3,1,3,3,1,True,0,3,3,False,False,False,False,False,False,True,False,True,False,True,True,True,False,False,False
monk1,GB,1,6,0,5,2,4,4,1,True,1,3,3,False,True,True,False,False,False,True,False,True,True,True,True,True,True,True,True
monk1,GB,2,6,0,5,2,4,4,1,True,1,3,3,False,True,True,False,False,False,True,False,True,True,True,True,True,True,True,True
monk1,GB,3,6,1,4,1,4,4,1,True,1,3,5,False,True,True,False,False,True,True,False,False,True,True,True,True,True,True,True
monk1,GB,4,6,1,1,1,1,1,1,True,0,3,4,False,False,False,False,False,False,False,False,False,False,False,False,False,False,False,False
monk1,GB,5,6,0,4,1,4,4,1,True,2,2,2,False,True,True,False,False,True,True,False,False,True,True,True,True,True,True,True
monk1,GB,6,6,0,3,1,3,3,1,True,0,3,3,False,False,False,False,False,False,False,False,False,False,False,True,True,False,False,False
monk1,GB,7,6,1,5,1,5,5,1,True,2,3,3,False,True,True,False,False,True,True,False,False,True,True,True,True,True,True,True
monk1,GB,8,6,1,4,1,4,4,1,True,1,3,5,False,True,True,False,False,False,True,False,False,True,True,True,True,True,False,True
monk1,GB,9,6,1,1,1,1,1,1,True,0,2,2,False,False,False,False,False,False,False,False,False,False,False,False,False,False,False,False
monk1,GB,10,6,0,3,1,3,3,1,True,0,3,4,False,False,False,False,False,False,False,False,False,False,False,True,True,False,False,False
monk1,GB,11,6,0,3,1,3,3,1,True,0,3,4,False,False,False,False,False,False,True,False,False,False,True,True,True,False,False,False
monk1,GB,12,6,0,3,1,3,3,1,True,0,3,4,False,False,False,False,False,False,True,False,False,False,True,True,True,False,False,False
monk1,GB,13,6,1,1,1,1,1,1,True,0,3,3,False,False,False,False,False,False,False,False,False,False,False,False,False,False,False,False
monk1,GB,14,6,1,6,3,4,4,1,False,1,3,3,False,True,True,False,False,True,True,False,False,True,True,True,True,True,True,True
monk1,GB,15,6,1,2,1,2,2,1,True,0,2,2,False,False,False,False,False,False,True,False,True,False,True,True,False,False,False,False
monk1,GB,16,6,0,4,1,4,4,1,True,1,3,3,False,True,True,False,False,False,False,False,False,True,True,True,True,True,True,True
monk1,GB,17,6,1,1,1,1,1,1,True,0,3,4,False,False,False,False,False,False,False,False,False,False,False,False,False,False,False,False
monk1,GB,18,6,1,1,1,1,1,1,True,0,3,5,False,False,False,False,False,False,False,False,False,False,False,False,False,False,False,False
monk1,GB,19,6,0,3,1,3,3,1,True,0,3,4,False,False,False,False,False,False,False,False,False,False,False,True,True,False,False,False
monk1,GB,20,6,1,1,1,1,1,1,True,0,3,3,False,False,False,False,False,False,False,False,False,False,False,False,False,False,False,False
monk1,GB,21,6,0,5,2,4,3,1,True,1,3,3,False,True,True,False,False,False,False,False,False,True,True,True,True,True,True,True
monk1,GB,22,6,1,2,1,2,2,1,True,0,3,3,False,False,False,False,False,False,False,False,False,False,False,True,False,False,False,False
monk1,GB,23,6,1,5,2,4,4,1,True,1,3,5,False,True,True,False,False,True,True,False,True,True,True,True,True,True,False,True
monk1,GB,24,6,0,3,1,3,3,1,True,0,3,5,False,False,False,False,False,False,False,False,False,False,False,True,True,False,False,False
monk1,GB,25,6,0,4,2,3,3,1,True,0,3,4,False,False,False,False,False,False,True,False,True,False,True,True,True,False,False,False
monk1,GB,26,6,0,3,1,3,3,1,True,0,3,4,False,False,False,False,False,False,True,False,False,False,True,True,True,False,False,False
monk1,GB,27,6,0,5,2,4,3,1,True,0,3,5,False,False,False,False,False,True,True,False,True,True,True,True,True,False,False,False
monk1,GB,28,6,0,3,1,3,3,1,True,0,3,4,False,False,False,False,False,False,False,False,False,False,False,True,True,False,False,False
monk1,GB,29,6,1,6,3,6,4,1,False,1,3,5,False,True,True,False,False,True,True,False,False,True,True,True,True,True,True,True
monk1,GB,30,6,0,6,3,4,3,1,False,1,3,4,False,True,True,False,False,True,True,False,False,True,True,True,True,True,True,True
monk1,GB,31,6,1,5,1,5,5,1,True,2,3,3,False,True,True,False,False,True,True,False,False,True,True,True,True,True,True,True
monk1,GB,32,6,0,6,3,5,4,1,False,1,3,4,False,True,True,False,False,True,True,False,False,True,True,True,True,True,True,True
monk1,GB,33,6,1,1,1,1,1,1,True,0,2,2,False,False,False,False,False,False,False,False,False,False,False,False,False,False,False,False
monk1,GB,34,6,1,1,1,1,1,1,True,0,3,3,False,False,False,False,False,False,False,False,False,False,False,False,False,False,False,False
monk1,GB,35,6,1,5,2,4,1,2,True,0,3,4,False,False,False,False,False,False,False,True,True,True,True,False,False,False,False,False
monk1,GB,36,6,0,3,1,3,3,1,True,0,3,4,False,False,False,False,False,False,False,False,False,False,False,True,True,False,False,False
monk1,GB,37,6,1,6,3,6,4,1,False,1,3,4,False,True,True,False,False,True,True,False,False,True,True,True,True,True,False,True
monk1,GB,38,6,1,1,1,1,1,1,True,0,3,3,False,False,False,False,False,False,False,False,False,False,False,False,False,False,False,False
monk1,GB,39,6,0,6,4,4,4,1,False,1,3,4,False,True,True,False,False,True,True,False,False,True,True,True,True,True,True,True
monk1,GB,40,6,0,3,1,3,3,1,True,0,3,4,False,False,False,False,False,False,True,False,False,False,True,True,True,False,False,False
monk1,GB,41,6,0,3,1,3,3,1,True,0,3,3,False,False,False,False,False,False,True,False,True,False,True,True,True,False,False,False
monk1,GB,42,6,1,3,2,2,1,2,True,0,3,5,False,False,False,False,False,False,False,True,True,True,True,False,False,False,False,False
monk1,GB,43,6,1,1,1,1,1,1,True,0,3,5,False,False,False,False,False,False,False,False,False,False,False,False,False,False,False,False
monk1,GB,44,6,0,3,1,3,3,1,True,0,3,4,False,False,False,False,False,False,True,False,True,False,True,True,True,False,False,False
monk1,GB,45,6,1,5,2,4,4,1,True,1,3,4,False,True,True,False,False,True,True,False,True,True,True,True,True,True,False,True
monk1,GB,46,6,1,5,2,4,4,1,True,1,3,4,False,True,True,False,False,False,True,False,True,True,True,True,True,True,True,True
monk1,GB,47,6,0,3,1,3,3,1,True,0,3,6,False,False,False,False,False,False,True,False,False,False,True,True,True,False,False,False
monk1,GB,48,6,1,1,1,1,1,1,True,0,2,2,False,False,False,False,False,False,False,False,False,False,False,False,False,False,False,False
monk1,GB,49,6,1,1,1,1,1,1,True,0,2,2,False,False,False,False,False,False,False,False,False,False,False,False,False,False,False,False
monk2,AD,0,6,0,6,3,5,4,1,False,1,3,4,False,True,True,False,False,True,True,True,True,True,True,True,True,True,False,True
monk2,AD,1,6,1,6,2,5,5,1,False,2,3,5,False,True,True,False,False,True,True,False,True,True,True,True,True,True,False,True
monk2,AD,2,6,1,6,2,5,5,1,False,2,3,5,False,True,True,False,False,True,True,False,False,True,True,True,True,True,False,True
monk2,AD,3,6,1,5,1,5,5,1,True,2,3,5,False,True,True,False,False,False,True,False,False,True,True,True,True,True,False,True
monk2,AD,4,6,1,6,2,5,5,1,False,2,3,5,False,True,True,False,False,True,True,False,False,True,True,True,True,True,False,True
monk2,AD,5,6,0,4,2,3,3,1,True,0,3,3,False,False,False,False,False,True,True,False,False,True,True,True,True,False,False,True
monk2,AD,6,6,1,5,1,5,5,1,True,2,3,6,False,True,True,False,False,False,True,False,True,True,True,True,True,True,False,True
monk2,AD,7,6,0,5,5,4,3,1,True,0,3,3,False,False,False,False,False,True,True,False,False,True,True,True,True,False,False,False
monk2,AD,8,6,0,5,4,3,3,1,True,0,3,5,False,False,False,False,False,False,False,False,False,False,False,True,True,False,False,True
monk2,AD,9,6,0,6,3,4,4,1,False,1,3,3,False,True,False,False,False,True,False,False,False,True,False,True,True,True,True,True
monk2,AD,10,6,0,6,2,5,3,1,False,0,3,3,False,False,False,False,False,True,False,False,False,True,False,True,True,False,False,False
monk2,AD,11,6,0,6,5,6,3,2,False,3,1,1,False,True,True,False,False,True,True,True,True,True,True,True,True,True,True,True
monk2,AD,12,6,0,6,3,5,3,1,False,2,3,3,False,True,True,False,False,True,True,True,True,True,True,True,True,True,True,True
monk2,AD,13,6,1,5,1,5,5,1,True,2,3,6,False,True,True,False,False,False,False,False,False,True,True,True,True,True,False,True
monk2,AD,14,6,0,6,4,7,3,2,False,0,3,5,False,False,False,False,False,True,True,True,True,True,True,True,True,False,False,False
monk2,AD,15,6,0,6,5,7,3,2,False,1,3,5,False,True,True,False,False,True,True,True,True,True,True,True,True,True,True,True
monk2,AD,16,6,1,5,1,5,5,1,True,2,3,5,False,True,True,False,False,False,True,False,True,True,True,True,True,True,False,True
monk2,AD,17,6,0,5,3,3,3,1,True,1,3,3,False,True,False,False,False,True,True,False,False,True,True,True,True,True,True,False
monk2,AD,18,6,0,5,4,3,3,1,True,0,3,5,False,False,False,False,False,False,True,False,False,False,True,True,True,False,False,True
monk2,AD,19,6,0,6,4,5,3,1,False,0,3,5,False,False,False,False,False,True,True,False,True,True,True,True,True,False,False,True
monk2,AD,20,6,0,6,4,4,3,1,False,1,3,3,False,True,True,False,False,True,True,True,True,True,True,True,True,True,True,False
monk2,AD,21,6,0,6,8,6,3,2,False,1,3,5,False,True,True,False,False,True,True,True,True,True,True,True,True,True,True,True
monk2,AD,22,6,1,5,1,5,5,1,True,2,3,5,False,True,True,False,False,False,False,False,False,True,True,True,True,True,False,True
monk2,AD,23,6,0,5,6,5,3,2,True,0,3,6,False,False,False,False,False,False,True,True,True,True,True,True,True,False,False,False
monk2,AD,24,6,1,6,2,5,5,1,False,2,3,6,False,True,True,False,False,True,True,False,False,True,True,True,True,True,False,True
monk2,AD,25,6,0,6,5,5,3,1,False,1,3,3,False,True,False,False,False,True,True,True,True,True,True,True,True,True,True,True
monk2,AD,26,6,0,5,3,3,3,1,True,1,2,2,False,True,True,False,False,True,True,False,True,True,True,True,True,True,True,True
monk2,AD,27,6,0,3,1,3,3,1,True,1,2,2,False,True,True,False,False,True,True,False,False,True,True,True,True,True,True,True
monk2,AD,28,6,0,4,2,3,3,1,True,0,3,4,False,False,False,False,False,False,False,False,False,False,False,True,True,False,False,True
monk2,AD,29,6,1,5,1,5,5,1,True,2,3,6,False,True,True,False,False,False,False,False,False,True,True,True,True,True,False,True
monk2,AD,30,6,0,4,2,3,3,1,True,0,3,3,False,False,False,False,False,False,False,False,False,False,False,True,True,False,False,False
monk2,AD,31,6,1,5,1,5,5,1,True,2,3,5,False,True,True,False,False,False,True,False,False,True,True,True,True,True,False,True
monk2,AD,32,6,0,5,5,5,3,2,True,0,3,4,False,False,False,False,False,True,True,True,True,True,True,True,True,False,False,False
monk2,AD,33,6,0,4,2,3,3,1,True,1,3,3,False,True,True,False,False,True,True,False,False,True,True,True,True,True,True,True
monk2,AD,34,6,0,6,7,8,4,2,False,1,3,5,False,True,True,False,False,True,True,True,True,True,True,True,True,True,False,True
monk2,AD,35,6,1,6,2,5,5,1,False,2,3,6,False,True,True,False,False,True,True,False,False,True,True,True,True,True,False,True
monk2,AD,36,6,1,6,2,5,5,1,False,2,3,6,False,True,True,False,False,True,True,False,False,True,True,True,True,True,False,True
monk2,AD,37,6,1,6,2,5,5,1,False,2,3,5,False,True,True,False,False,True,True,False,False,True,True,True,True,True,False,True
monk2,AD,38,6,0,5,3,3,3,1,True,1,3,3,False,True,False,False,False,True,True,False,True,True,True,True,True,True,True,False
monk2,AD,39,6,0,4,3,4,3,1,True,0,3,4,False,False,False,False,False,True,True,True,True,True,True,True,True,False,False,True
monk2,AD,40,6,1,3,1,3,3,1,True,0,3,3,False,False,False,False,False,False,False,False,False,False,False,True,True,False,False,False
monk2,AD,41,6,0,5,2,4,4,1,True,1,3,3,False,True,False,False,False,False,True,False,False,True,True,True,True,True,True,True
monk2,AD,42,6,0,4,1,4,4,1,True,1,3,4,False,True,True,False,False,True,True,False,False,True,True,True,True,True,False,True
monk2,AD,43,6,0,5,5,4,3,1,True,0,3,3,False,False,False,False,False,False,True,False,False,False,True,True,True,False,False,False
monk2,AD,44,6,0,6,4,4,3,1,False,2,1,1,False,True,True,False,False,True,True,False,False,True,True,True,True,True,True,False
monk2,AD,45,6,0,5,6,5,3,2,True,0,3,5,False,False,False,False,False,False,True,True,True,True,True,True,True,False,False,False
monk2,AD,46,6,0,3,1,3,3,1,True,1,3,3,False,True,True,False,False,True,True,False,True,True,True,True,True,True,True,True
monk2,AD,47,6,0,5,3,3,3,1,True,1,3,3,False,True,False,False,False,True,True,False,False,True,True,True,True,True,True,False
monk2,AD,48,6,0,5,2,4,3,1,True,1,3,4,False,True,False,False,False,True,True,False,False,True,True,True,True,True,True,True
monk2,AD,49,6,0,5,3,4,3,1,True,1,3,3,False,True,True,False,False,True,True,False,False,True,True,True,True,True,True,True
monk2,RF,0,6,0,3,1,3,3,1,True,1,3,3,False,True,True,False,False,True,True,False,False,True,True,True,True,True,True,True
monk2,RF,1,6,0,6,5,5,2,2,False,0,3,3,False,False,False,False,False,True,True,True,True,True,True,True,False,False,False,False
monk2,RF,2,6,0,4,3,2,2,1,True,0,3,3,False,False,False,False,False,True,True,True,True,True,True,True,False,False,False,False
monk2,RF,3,6,0,5,4,4,2,2,True,1,1,0,False,True,True,False,False,True,True,True,True,True,True,True,True,True,True,True
monk2,RF,4,6,1,6,2,5,5,1,False,2,3,4,False,True,True,False,False,True,True,False,False,True,True,True,True,True,True,True
monk2,RF,5,6,0,6,7,5,2,2,False,0,3,4,False,False,False,False,False,True,True,True,True,True,True,True,False,False,False,False
monk2,RF,6,6,0,5,4,3,2,2,True,0,2,2,False,False,False,False,False,False,False,True,True,True,True,True,False,False,False,True
monk2,RF,7,6,0,6,5,5,2,2,False,0,3,3,False,False,False,False,False,True,True,True,True,True,True,True,False,False,False,False
monk2,RF,8,6,0,6,6,4,2,2,False,0,3,3,False,False,False,False,False,True,True,True,True,True,True,True,False,False,False,False
monk2,RF,9,6,0,3,1,3,3,1,True,0,3,3,False,False,False,False,False,False,False,False,False,False,False,True,True,False,False,True
monk2,RF,10,6,0,2,1,2,2,1,True,0,3,3,False,False,False,False,False,False,False,False,False,False,False,True,False,False,False,True
monk2,RF,11,6,0,5,5,3,2,2,True,0,3,3,False,False,False,False,False,True,True,True,True,True,True,True,False,False,False,True
monk2,RF,12,6,0,4,3,3,2,2,True,0,2,2,False,False,False,False,False,True,True,True,True,True,True,True,False,False,False,True
monk2,RF,13,6,0,6,4,5,2,2,False,0,2,2,False,False,False,False,False,True,True,True,True,True,True,True,False,False,False,False
monk2,RF,14,6,0,6,7,6,2,3,False,0,3,5,False,False,False,False,False,True,True,True,True,True,True,True,False,False,False,False
monk2,RF,15,6,0,6,7,6,2,2,False,0,3,6,False,False,False,False,False,True,True,True,True,True,True,True,True,False,True,False
monk2,RF,16,6,0,2,1,2,2,1,True,1,1,1,False,True,True,False,False,True,True,False,False,True,True,True,True,True,True,True
monk2,RF,17,6,0,5,3,3,3,1,True,0,3,3,False,False,False,False,False,True,True,False,False,True,True,True,True,False,False,True
monk2,RF,18,6,0,6,5,4,2,1,False,0,3,3,False,False,False,False,False,True,True,True,True,True,True,True,False,False,False,False
monk2,RF,19,6,0,5,4,4,2,2,True,0,3,5,False,False,False,False,False,True,True,True,True,True,True,True,True,False,True,True
monk2,RF,20,6,0,6,4,4,2,2,False,1,1,1,False,True,True,False,False,True,True,True,True,True,True,True,True,True,True,True
monk2,RF,21,6,0,6,5,4,2,2,False,0,3,4,False,False,False,False,False,True,True,True,True,True,True,True,True,False,True,False
monk2,RF,22,6,0,6,4,5,2,2,False,1,1,1,False,True,True,False,False,True,True,True,True,True,True,True,True,True,True,False
monk2,RF,23,6,0,5,4,4,2,2,True,0,3,5,False,False,False,False,False,False,False,True,True,True,True,True,True,False,True,False
monk2,RF,24,6,0,6,3,5,3,1,False,0,3,3,False,False,False,False,False,True,True,True,True,True,True,True,True,False,False,True
monk2,RF,25,6,0,5,4,4,2,2,True,0,3,4,False,False,False,False,False,True,True,True,True,True,True,True,False,False,False,False
monk2,RF,26,6,0,4,2,3,2,1,True,1,3,3,False,True,True,False,False,True,True,False,False,True,True,True,True,True,True,True
monk2,RF,27,6,0,3,1,3,3,1,True,1,2,2,False,True,True,False,False,True,True,False,False,True,True,True,True,True,True,True
monk2,RF,28,6,0,5,5,3,2,2,True,0,3,3,False,False,False,False,False,True,True,True,True,True,True,True,False,False,False,False
monk2,RF,29,6,0,5,4,3,2,2,True,0,2,2,False,False,False,False,False,False,False,True,True,True,True,True,False,False,False,False
monk2,RF,30,6,0,6,5,4,2,2,False,0,3,4,False,False,False,False,False,True,True,True,True,True,True,True,False,False,False,False
monk2,RF,31,6,0,6,5,5,2,2,False,0,2,2,False,False,False,False,False,True,True,True,True,True,True,True,False,False,False,False
monk2,RF,32,6,0,5,4,4,2,2,True,0,3,4,False,False,False,False,False,True,True,True,True,True,True,True,False,False,False,False
monk2,RF,33,6,0,4,2,3,3,1,True,0,3,3,False,False,False,False,False,True,True,False,False,True,True,True,True,False,False,True
monk2,RF,34,6,0,6,5,6,3,2,False,1,3,6,False,True,True,False,False,True,True,True,True,True,True,True,True,True,True,True
monk2,RF,35,6,0,6,5,4,2,2,False,1,2,2,False,True,True,False,False,True,True,True,True,True,True,True,True,True,True,False
monk2,RF,36,6,0,5,3,4,3,1,True,2,1,1,False,True,True,False,False,True,True,True,True,True,True,True,True,True,True,True
monk2,RF,37,6,0,6,4,4,2,2,False,1,2,2,False,True,True,False,False,True,True,True,True,True,True,True,True,True,True,True
monk2,RF,38,6,0,6,6,6,3,2,False,0,3,3,False,False,False,False,False,True,True,True,True,True,True,True,True,False,False,True
monk2,RF,39,6,0,5,4,4,2,2,True,0,3,4,False,False,False,False,False,True,True,True,True,True,True,True,False,False,False,False
monk2,RF,40,6,0,4,3,4,2,2,True,0,3,4,False,False,False,False,False,True,True,True,True,True,True,True,False,False,False,True
monk2,RF,41,6,0,5,3,3,2,1,True,1,1,1,False,True,True,False,False,True,True,False,False,True,True,True,True,True,True,True
monk2,RF,42,6,0,3,1,3,3,1,True,1,2,2,False,True,True,False,False,True,True,False,False,True,True,True,True,True,True,True
monk2,RF,43,6,0,5,5,3,2,2,True,0,3,3,False,False,False,False,False,True,True,True,True,True,True,True,True,False,True,False
monk2,RF,44,6,0,5,2,4,3,1,True,2,1,1,False,True,True,False,False,True,True,False,False,True,True,True,True,True,True,True
monk2,RF,45,6,0,6,6,5,2,3,False,0,3,4,False,False,False,False,False,True,True,True,True,True,True,True,True,False,True,False
monk2,RF,46,6,0,6,6,5,2,2,False,0,3,4,False,False,False,False,False,True,True,True,True,True,True,True,False,False,False,False
monk2,RF,47,6,0,5,4,4,3,1,True,0,3,3,False,False,False,False,False,True,True,False,False,True,True,True,True,False,False,True
monk2,RF,48,6,0,5,5,5,3,2,True,0,3,4,False,False,False,False,False,True,True,True,True,True,True,True,True,False,False,True
monk2,RF,49,6,0,6,7,5,2,3,False,0,3,3,False,False,False,False,False,True,True,True,True,True,True,True,False,False,False,True
monk2,GB,0,6,0,3,1,3,3,1,True,1,3,3,False,True,True,False,False,False,False,False,False,True,True,True,True,True,True,True
monk2,GB,1,6,0,5,3,3,2,1,True,0,3,3,False,False,False,False,False,True,True,False,False,True,True,True,False,False,False,True
monk2,GB,2,6,0,6,5,4,2,2,False,0,3,4,False,False,False,False,False,True,True,True,True,True,True,True,False,False,False,False
monk2,GB,3,6,0,5,2,4,3,1,True,1,2,2,False,True,True,False,False,True,True,True,True,True,True,True,True,True,True,True
monk2,GB,4,6,0,2,1,2,2,1,True,0,3,3,False,False,False,False,False,False,False,False,False,False,False,True,True,False,True,True
monk2,GB,5,6,0,6,4,3,2,1,False,0,3,4,False,False,False,False,False,True,True,False,True,True,True,True,False,False,False,False
monk2,GB,6,6,0,3,2,2,2,1,True,0,3,3,False,False,False,False,False,True,True,False,False,True,True,True,True,False,True,True
monk2,GB,7,6,0,4,3,5,2,2,True,1,3,4,False,True,True,False,False,True,True,True,True,True,True,True,True,True,True,True
monk2,GB,8,6,0,4,3,3,2,2,True,0,3,4,False,False,False,False,False,False,False,True,True,True,True,True,False,False,False,False
monk2,GB,9,6,0,3,1,3,3,1,True,0,3,3,False,False,False,False,False,False,False,False,False,False,False,True,True,False,False,True
monk2,GB,10,6,0,3,1,3,3,1,True,0,3,3,False,False,False,False,False,False,False,False,False,False,False,True,True,False,False,True
monk2,GB,11,6,0,5,4,5,2,2,True,0,3,3,False,False,False,False,False,True,True,True,True,True,True,True,False,False,False,True
monk2,GB,12,6,0,3,2,2,2,1,True,0,3,3,False,False,False,False,False,False,False,False,False,False,False,True,False,False,False,False
monk2,GB,13,6,0,5,4,5,2,2,True,0,2,2,False,False,False,False,False,True,True,True,True,True,True,True,False,False,False,False
monk2,GB,14,6,0,6,7,8,2,3,False,0,3,5,False,False,False,False,False,True,True,True,True,True,True,True,True,False,True,False
monk2,GB,15,6,0,6,4,6,2,2,False,0,3,6,False,False,False,False,False,True,True,True,True,True,True,True,True,False,True,False
monk2,GB,16,6,1,6,1,6,6,1,False,3,3,5,False,True,True,False,False,True,True,False,True,True,True,True,True,True,True,True
monk2,GB,17,6,0,2,1,2,2,1,True,0,3,3,False,False,False,False,False,False,False,False,False,False,False,True,True,False,True,True
monk2,GB,18,6,0,4,2,4,2,2,True,0,3,4,False,False,False,False,False,False,False,True,True,True,True,True,False,False,False,False
monk2,GB,19,6,0,4,3,3,2,2,True,0,3,4,False,False,False,False,False,True,True,True,True,True,True,True,False,False,False,False
monk2,GB,20,6,0,4,3,5,2,2,True,0,3,3,False,False,False,False,False,True,True,True,True,True,True,True,False,False,False,True
monk2,GB,21,6,0,6,5,5,2,2,False,1,3,5,False,True,False,False,False,True,True,True,True,True,True,True,True,True,True,True
monk2,GB,22,6,0,4,2,3,2,1,True,1,1,1,False,True,True,False,False,True,True,False,True,True,True,True,True,True,True,True
monk2,GB,23,6,0,5,4,4,2,2,True,0,3,5,False,False,False,False,False,True,True,True,True,True,True,True,False,False,False,False
monk2,GB,24,6,0,3,2,2,2,1,True,0,3,3,False,False,False,False,False,True,True,False,False,True,True,True,False,False,False,True
monk2,GB,25,6,0,5,3,4,3,1,True,1,3,4,False,True,False,False,False,True,True,False,True,True,True,True,True,True,True,True
monk2,GB,26,6,1,5,1,5,5,1,True,2,3,5,False,True,True,False,False,True,True,False,True,True,True,True,True,True,False,True
monk2,GB,27,6,0,3,1,3,3,1,True,0,3,3,False,False,False,False,False,False,False,False,False,False,False,True,True,False,False,True
monk2,GB,28,6,0,2,1,2,2,1,True,0,3,3,False,False,False,False,False,False,False,False,False,False,False,True,False,False,False,True
monk2,GB,29,6,0,3,2,2,2,1,True,0,3,3,False,False,False,False,False,True,True,False,False,True,True,True,True,False,True,True
monk2,GB,30,6,0,4,4,3,2,2,True,0,3,4,False,False,False,False,False,False,False,True,True,True,True,True,False,False,False,False
monk2,GB,31,6,0,4,2,3,3,1,True,0,3,3,False,False,False,False,False,True,True,False,False,True,True,True,True,False,False,True
monk2,GB,32,6,0,5,4,5,2,2,True,0,3,4,False,False,False,False,False,True,True,True,True,True,True,True,False,False,False,False
monk2,GB,33,6,0,6,3,5,3,1,False,0,3,3,False,False,False,False,False,True,True,False,False,True,True,True,True,False,False,False
monk2,GB,34,6,0,6,4,6,2,2,False,0,3,6,False,False,False,False,False,True,True,True,True,True,True,True,True,False,True,False
monk2,GB,35,6,0,6,4,7,3,2,False,2,1,1,False,True,True,False,False,True,True,True,True,True,True,True,True,True,True,True
monk2,GB,36,6,1,6,3,6,5,1,False,2,3,6,False,True,True,False,False,True,True,False,False,True,True,True,True,True,False,True
monk2,GB,37,6,0,3,2,2,2,1,True,0,2,2,False,False,False,False,False,True,True,False,False,True,True,True,False,False,False,True
monk2,GB,38,6,0,2,1,2,2,1,True,0,3,3,False,False,False,False,False,False,True,False,True,False,True,True,False,False,False,False
monk2,GB,39,6,0,5,4,5,2,2,True,0,3,4,False,False,False,False,False,True,True,True,True,True,True,True,False,False,False,False
monk2,GB,40,6,0,4,2,3,3,1,True,1,3,4,False,True,False,False,False,True,True,False,False,True,True,True,True,True,True,True
monk2,GB,41,6,0,5,3,4,2,2,True,0,3,3,False,False,False,False,False,True,True,True,True,True,True,True,False,False,False,False
monk2,GB,42,6,0,2,1,2,2,1,True,0,2,2,False,False,False,False,False,False,False,False,False,False,False,True,False,False,False,True
monk2,GB,43,6,0,3,2,2,2,1,True,0,3,4,False,False,False,False,False,False,True,False,False,False,True,True,True,False,True,True
monk2,GB,44,6,0,4,2,3,3,1,True,2,1,1,False,True,True,False,False,True,True,False,False,True,True,True,True,True,True,True
monk2,GB,45,6,0,6,7,7,2,3,False,0,3,6,False,False,False,False,False,True,True,True,True,True,True,True,False,False,False,False
monk2,GB,46,6,0,5,4,5,2,2,True,0,3,4,False,False,False,False,False,True,True,True,True,True,True,True,True,False,True,True
monk2,GB,47,6,0,2,1,2,2,1,True,0,3,3,False,False,False,False,False,False,True,False,False,False,True,True,False,False,False,False
monk2,GB,48,6,0,5,4,5,2,2,True,0,3,4,False,False,False,False,False,True,True,True,True,True,True,True,True,False,True,False
monk2,GB,49,6,0,5,3,4,2,2,True,1,3,4,False,True,True,False,False,True,True,True,True,True,True,True,True,True,True,True
monk3,AD,0,6,1,2,1,2,2,1,True,0,3,3,False,False,False,False,False,False,True,False,True,False,True,True,False,False,False,False
monk3,AD,1,6,1,2,1,2,2,1,True,0,3,3,False,False,False,False,False,False,True,False,True,False,True,True,False,False,False,False
monk3,AD,2,6,0,1,1,1,1,1,True,0,3,3,False,False,False,False,False,False,False,False,False,False,False,False,False,False,False,False
monk3,AD,3,6,1,2,1,2,2,1,True,0,3,4,False,False,False,False,False,False,True,False,False,False,True,True,False,False,False,False
monk3,AD,4,6,1,2,1,2,2,1,True,0,3,3,False,False,False,False,False,False,True,False,True,False,True,True,False,False,False,False
monk3,AD,5,6,1,2,1,2,2,1,True,0,3,4,False,False,False,False,False,False,False,False,False,False,False,True,False,False,False,False
monk3,AD,6,6,1,2,1,2,2,1,True,0,3,4,False,False,False,False,False,False,False,False,False,False,False,True,False,False,False,False
monk3,AD,7,6,1,4,2,3,2,1,True,0,3,5,False,False,False,False,False,True,True,False,False,True,True,True,False,False,False,False
monk3,AD,8,6,0,1,1,1,1,1,True,0,1,1,False,False,False,False,False,False,False,False,False,False,False,False,False,False,False,False
monk3,AD,9,6,0,3,2,2,2,1,True,0,3,3,False,False,False,False,False,False,True,False,False,False,True,True,True,False,True,False
monk3,AD,10,6,0,2,1,2,2,1,True,0,3,4,False,False,False,False,False,False,False,False,False,False,False,True,False,False,False,False
monk3,AD,11,6,0,3,2,2,2,1,True,0,3,4,False,False,False,False,False,False,False,False,False,False,False,True,False,False,False,False
monk3,AD,12,6,0,3,2,2,2,1,True,0,3,4,False,False,False,False,False,False,False,False,False,False,False,True,False,False,False,False
monk3,AD,13,6,0,1,1,1,1,1,True,0,3,5,False,False,False,False,False,False,False,False,False,False,False,False,False,False,False,False
monk3,AD,14,6,1,2,1,2,2,1,True,0,3,4,False,False,False,False,False,False,True,False,False,False,True,True,False,False,False,False
monk3,AD,15,6,0,3,2,2,2,1,True,1,3,4,False,True,True,False,False,True,True,False,False,True,True,True,True,True,True,True
monk3,AD,16,6,1,2,1,2,2,1,True,0,3,4,False,False,False,False,False,False,False,False,False,False,False,True,False,False,False,False
monk3,AD,17,6,0,1,1,1,1,1,True,0,3,5,False,False,False,False,False,False,False,False,False,False,False,False,False,False,False,False
monk3,AD,18,6,1,2,1,2,2,1,True,0,3,4,False,False,False,False,False,False,True,False,True,False,True,True,False,False,False,False
monk3,AD,19,6,0,3,2,2,1,2,True,0,3,5,False,False,False,False,False,False,True,True,True,True,True,True,False,False,True,False
monk3,AD,20,6,1,2,1,2,2,1,True,0,3,5,False,False,False,False,False,False,True,False,True,False,True,True,False,False,False,False
monk3,AD,21,6,1,2,1,2,2,1,True,0,3,5,False,False,False,False,False,False,True,False,True,False,True,True,False,False,False,False
monk3,AD,22,6,0,4,3,2,2,1,True,0,3,4,False,False,False,False,False,False,False,False,False,False,False,True,True,False,True,False
monk3,AD,23,6,1,2,1,2,2,1,True,0,3,3,False,False,False,False,False,False,True,False,False,False,True,True,False,False,False,False
monk3,AD,24,6,1,2,1,2,2,1,True,0,3,3,False,False,False,False,False,False,False,False,False,False,False,True,False,False,False,False
monk3,AD,25,6,0,1,1,1,1,1,True,0,3,4,False,False,False,False,False,False,False,False,False,False,False,False,False,False,False,False
monk3,AD,26,6,0,1,1,1,1,1,True,0,3,3,False,False,False,False,False,False,False,False,False,False,False,False,False,False,False,False
monk3,AD,27,6,1,2,1,2,2,1,True,0,3,4,False,False,False,False,False,False,True,False,True,False,True,True,False,False,False,False
monk3,AD,28,6,1,2,1,2,2,1,True,0,3,3,False,False,False,False,False,False,True,False,False,False,True,True,False,False,False,False
monk3,AD,29,6,1,2,1,2,2,1,True,0,3,3,False,False,False,False,False,False,True,False,False,False,True,True,False,False,False,False
monk3,AD,30,6,1,2,1,2,2,1,True,0,3,3,False,False,False,False,False,False,False,False,False,False,False,True,False,False,False,False
monk3,AD,31,6,0,1,1,1,1,1,True,0,3,5,False,False,False,False,False,False,False,False,False,False,False,False,False,False,False,False
monk3,AD,32,6,0,1,1,1,1,1,True,0,3,4,False,False,False,False,False,False,False,False,False,False,False,False,False,False,False,False
monk3,AD,33,6,0,1,1,1,1,1,True,0,3,3,False,False,False,False,False,False,False,False,False,False,False,False,False,False,False,False
monk3,AD,34,6,0,3,2,2,2,1,True,0,3,4,False,False,False,False,False,False,False,False,False,False,False,True,False,False,False,False
monk3,AD,35,6,1,2,1,2,2,1,True,0,2,2,False,False,False,False,False,False,True,False,False,False,True,True,False,False,False,False
monk3,AD,36,6,0,3,2,2,2,1,True,0,3,5,False,False,False,False,False,False,False,False,False,False,False,True,True,False,True,False
monk3,AD,37,6,0,1,1,1,1,1,True,0,3,3,False,False,False,False,False,False,False,False,False,False,False,False,False,False,False,False
monk3,AD,38,6,1,2,1,2,2,1,True,0,3,5,False,False,False,False,False,False,False,False,False,False,False,True,False,False,False,False
monk3,AD,39,6,1,4,2,3,2,1,True,0,3,5,False,False,False,False,False,False,False,False,False,False,False,True,False,False,False,False
monk3,AD,40,6,0,2,1,2,2,1,True,0,3,4,False,False,False,False,False,False,True,False,True,False,True,True,False,False,False,False
monk3,AD,41,6,1,2,1,2,2,1,True,0,3,4,False,False,False,False,False,False,False,False,False,False,False,True,False,False,False,False
monk3,AD,42,6,0,2,1,2,2,1,True,0,2,2,False,False,False,False,False,False,True,False,False,False,True,True,False,False,False,True
monk3,AD,43,6,1,2,1,2,2,1,True,0,3,6,False,False,False,False,False,False,True,False,False,False,True,True,False,False,False,False
monk3,AD,44,6,1,2,1,2,2,1,True,0,3,4,False,False,False,False,False,False,False,False,True,False,True,True,False,False,False,False
monk3,AD,45,6,1,2,1,2,2,1,True,0,3,3,False,False,False,False,False,False,True,False,False,False,True,True,False,False,False,False
monk3,AD,46,6,1,2,1,2,2,1,True,0,2,2,False,False,False,False,False,False,True,False,True,False,True,True,False,False,False,False
monk3,AD,47,6,1,2,1,2,2,1,True,0,3,4,False,False,False,False,False,False,False,False,False,False,False,True,False,False,False,False
monk3,AD,48,6,1,2,1,2,2,1,True,0,3,3,False,False,False,False,False,False,False,False,False,False,False,True,False,False,False,False
monk3,AD,49,6,0,1,1,1,1,1,True,0,3,4,False,False,False,False,False,False,False,False,False,False,False,False,False,False,False,False
monk3,RF,0,6,1,2,1,2,2,1,True,0,3,3,False,False,False,False,False,False,True,False,True,False,True,True,False,False,False,False
monk3,RF,1,6,1,2,1,2,2,1,True,0,3,3,False,False,False,False,False,False,True,False,True,False,True,True,False,False,False,False
monk3,RF,2,6,0,3,2,2,2,1,True,0,3,3,False,False,False,False,False,False,False,False,False,False,False,True,False,False,False,False
monk3,RF,3,6,1,2,1,2,2,1,True,0,3,4,False,False,False,False,False,False,True,False,False,False,True,True,False,False,False,False
monk3,RF,4,6,1,2,1,2,2,1,True,0,3,3,False,False,False,False,False,False,True,False,True,False,True,True,False,False,False,False
monk3,RF,5,6,1,2,1,2,2,1,True,0,3,3,False,False,False,False,False,False,True,False,False,False,True,True,False,False,False,False
monk3,RF,6,6,1,2,1,2,2,1,True,0,2,2,False,False,False,False,False,False,False,False,False,False,False,True,False,False,False,False
monk3,RF,7,6,1,5,2,4,2,1,True,0,3,6,False,False,False,False,False,True,False,False,False,True,False,True,False,False,False,False
monk3,RF,8,6,0,2,1,2,2,1,True,0,2,2,False,False,False,False,False,False,False,False,False,False,False,True,False,False,False,False
monk3,RF,9,6,0,4,3,2,2,1,True,0,3,4,False,False,False,False,False,False,False,False,False,False,False,True,False,False,False,False
monk3,RF,10,6,0,2,1,2,2,1,True,1,3,4,False,True,True,False,False,False,False,False,False,True,True,True,True,True,True,False
monk3,RF,11,6,0,3,2,2,2,1,True,0,3,3,False,False,False,False,False,False,False,False,False,False,False,True,False,False,False,False
monk3,RF,12,6,0,3,2,2,2,1,True,0,3,3,False,False,False,False,False,False,False,False,False,False,False,True,False,False,False,False
monk3,RF,13,6,0,5,4,2,2,1,True,0,2,2,False,False,False,False,False,True,True,False,False,True,True,True,False,False,False,False
monk3,RF,14,6,1,2,1,2,2,1,True,0,3,3,False,False,False,False,False,False,True,False,False,False,True,True,False,False,False,False
monk3,RF,15,6,0,3,2,2,2,1,True,0,3,3,False,False,False,False,False,False,False,False,False,False,False,True,False,False,False,False
monk3,RF,16,6,1,2,1,2,2,1,True,0,3,3,False,False,False,False,False,False,False,False,False,False,False,True,False,False,False,False
monk3,RF,17,6,0,4,3,2,2,1,True,0,3,4,False,False,False,False,False,True,True,False,False,True,True,True,False,False,False,False
monk3,RF,18,6,1,2,1,2,2,1,True,0,3,4,False,False,False,False,False,False,True,False,True,False,True,True,False,False,False,False
monk3,RF,19,6,0,4,5,3,2,2,True,0,3,5,False,False,False,False,False,False,False,True,True,True,True,True,False,False,False,False
monk3,RF,20,6,1,2,1,2,2,1,True,0,3,4,False,False,False,False,False,False,True,False,True,False,True,True,False,False,False,False
monk3,RF,21,6,1,2,1,2,2,1,True,0,3,4,False,False,False,False,False,False,True,False,True,False,True,True,False,False,False,False
monk3,RF,22,6,0,4,3,2,2,1,True,0,3,4,False,False,False,False,False,False,False,False,False,False,False,True,False,False,False,False
monk3,RF,23,6,1,2,1,2,2,1,True,0,3,3,False,False,False,False,False,False,True,False,False,False,True,True,False,False,False,False
monk3,RF,24,6,1,2,1,2,2,1,True,0,3,3,False,False,False,False,False,False,False,False,False,False,False,True,False,False,False,False
monk3,RF,25,6,0,3,2,2,2,1,True,0,3,3,False,False,False,False,False,False,False,False,False,False,False,True,False,False,False,False
monk3,RF,26,6,0,5,4,2,2,1,True,0,3,3,False,False,False,False,False,True,True,False,False,True,True,True,False,False,False,False
monk3,RF,27,6,1,2,1,2,2,1,True,0,3,5,False,False,False,False,False,False,True,False,True,False,True,True,False,False,False,False
monk3,RF,28,6,1,2,1,2,2,1,True,0,3,5,False,False,False,False,False,False,True,False,False,False,True,True,False,False,False,False
monk3,RF,29,6,1,2,1,2,2,1,True,0,3,5,False,False,False,False,False,False,True,False,False,False,True,True,False,False,False,False
monk3,RF,30,6,1,2,1,2,2,1,True,0,3,4,False,False,False,False,False,False,False,False,False,False,False,True,False,False,False,False
monk3,RF,31,6,0,5,4,2,2,1,True,0,3,5,False,False,False,False,False,True,True,False,False,True,True,True,True,False,True,False
monk3,RF,32,6,0,4,3,2,2,1,True,0,3,4,False,False,False,False,False,True,True,False,False,True,True,True,False,False,False,False
monk3,RF,33,6,0,4,3,2,2,1,True,0,3,5,False,False,False,False,False,True,True,False,False,True,True,True,False,False,False,False
monk3,RF,34,6,0,3,2,2,2,1,True,0,3,5,False,False,False,False,False,False,False,False,False,False,False,True,False,False,False,False
monk3,RF,35,6,1,2,1,2,2,1,True,0,3,4,False,False,False,False,False,False,True,False,False,False,True,True,False,False,False,False
monk3,RF,36,6,0,3,2,2,2,1,True,0,3,4,False,False,False,False,False,False,False,False,False,False,False,True,False,False,False,False
monk3,RF,37,6,0,5,4,2,2,1,True,0,2,2,False,False,False,False,False,True,True,False,False,True,True,True,False,False,False,False
monk3,RF,38,6,1,2,1,2,2,1,True,0,3,5,False,False,False,False,False,False,True,False,True,False,True,True,False,False,False,False
monk3,RF,39,6,1,2,1,2,2,1,True,0,3,6,False,False,False,False,False,False,False,False,True,False,True,True,False,False,False,False
monk3,RF,40,6,0,2,1,2,2,1,True,1,2,2,False,True,True,False,False,False,True,False,True,True,True,True,True,True,True,True
monk3,RF,41,6,1,2,1,2,2,1,True,0,3,4,False,False,False,False,False,False,False,False,False,False,False,True,False,False,False,False
monk3,RF,42,6,0,3,2,2,2,1,True,0,3,4,False,False,False,False,False,False,False,False,False,False,False,True,False,False,False,True
monk3,RF,43,6,1,2,1,2,2,1,True,0,3,4,False,False,False,False,False,False,False,False,False,False,False,True,False,False,False,False
monk3,RF,44,6,1,2,1,2,2,1,True,0,3,4,False,False,False,False,False,False,False,False,True,False,True,True,False,False,False,False
monk3,RF,45,6,1,2,1,2,2,1,True,0,3,3,False,False,False,False,False,False,True,False,False,False,True,True,False,False,False,False
monk3,RF,46,6,1,2,1,2,2,1,True,0,3,3,False,False,False,False,False,False,True,False,True,False,True,True,False,False,False,False
monk3,RF,47,6,1,2,1,2,2,1,True,0,2,2,False,False,False,False,False,False,False,False,False,False,False,True,False,False,False,False
monk3,RF,48,6,1,2,1,2,2,1,True,0,3,5,False,False,False,False,False,False,False,False,False,False,False,True,False,False,False,False
monk3,RF,49,6,0,4,3,2,2,1,True,0,3,3,False,False,False,False,False,True,True,False,False,True,True,True,False,False,False,False
monk3,GB,0,6,1,2,1,2,2,1,True,0,3,3,False,False,False,False,False,False,True,False,True,False,True,True,False,False,False,False
monk3,GB,1,6,1,2,1,2,2,1,True,0,3,5,False,False,False,False,False,False,True,False,True,False,True,True,False,False,False,False
monk3,GB,2,6,0,1,1,1,1,1,True,0,3,3,False,False,False,False,False,False,False,False,False,False,False,False,False,False,False,False
monk3,GB,3,6,1,2,1,2,2,1,True,0,3,4,False,False,False,False,False,False,True,False,False,False,True,True,False,False,False,False
monk3,GB,4,6,1,2,1,2,2,1,True,0,3,3,False,False,False,False,False,False,True,False,True,False,True,True,False,False,False,False
monk3,GB,5,6,1,2,1,2,2,1,True,0,3,4,False,False,False,False,False,False,False,False,False,False,False,True,False,False,False,False
monk3,GB,6,6,1,2,1,2,2,1,True,0,3,3,False,False,False,False,False,False,False,False,False,False,False,True,False,False,False,False
monk3,GB,7,6,1,3,2,2,2,1,True,0,3,5,False,False,False,False,False,False,False,True,True,True,True,True,False,False,False,False
monk3,GB,8,6,0,1,1,1,1,1,True,0,3,3,False,False,False,False,False,False,False,False,False,False,False,False,False,False,False,False
monk3,GB,9,6,0,3,2,2,2,1,True,0,3,3,False,False,False,False,False,False,True,False,False,False,True,True,False,False,False,False
monk3,GB,10,6,0,2,1,2,2,1,True,0,3,4,False,False,False,False,False,False,False,False,False,False,False,True,True,False,True,True
monk3,GB,11,6,0,3,2,2,2,1,True,0,3,4,False,False,False,False,False,False,False,False,False,False,False,True,False,False,False,False
monk3,GB,12,6,0,3,2,2,2,1,True,0,3,6,False,False,False,False,False,False,False,False,False,False,False,True,False,False,False,False
monk3,GB,13,6,0,1,1,1,1,1,True,0,3,3,False,False,False,False,False,False,False,False,False,False,False,False,False,False,False,False
monk3,GB,14,6,1,2,1,2,2,1,True,0,3,3,False,False,False,False,False,False,True,False,False,False,True,True,False,False,False,False
monk3,GB,15,6,0,2,1,2,2,1,True,0,3,5,False,False,False,False,False,False,False,False,False,False,False,True,False,False,False,False
monk3,GB,16,6,1,2,1,2,2,1,True,0,3,3,False,False,False,False,False,False,False,False,False,False,False,True,False,False,False,False
monk3,GB,17,6,0,1,1,1,1,1,True,0,3,5,False,False,False,False,False,False,False,False,False,False,False,False,False,False,False,False
monk3,GB,18,6,1,2,1,2,2,1,True,0,3,5,False,False,False,False,False,False,True,False,True,False,True,True,False,False,False,False
monk3,GB,19,6,0,3,2,2,1,2,True,0,3,4,False,False,False,False,False,False,False,True,True,True,True,True,False,False,True,False
monk3,GB,20,6,1,2,1,2,2,1,True,0,3,3,False,False,False,False,False,False,True,False,True,False,True,True,False,False,False,False
monk3,GB,21,6,1,2,1,2,2,1,True,0,3,6,False,False,False,False,False,False,True,False,True,False,True,True,False,False,False,False
monk3,GB,22,6,0,3,2,2,2,1,True,0,3,4,False,False,False,False,False,False,False,False,False,False,False,True,False,False,False,False
monk3,GB,23,6,1,2,1,2,2,1,True,0,3,4,False,False,False,False,False,False,True,False,False,False,True,True,False,False,False,False
monk3,GB,24,6,1,2,1,2,2,1,True,0,2,2,False,False,False,False,False,False,False,False,False,False,False,True,False,False,False,False
monk3,GB,25,6,0,1,1,1,1,1,True,0,3,3,False,False,False,False,False,False,False,False,False,False,False,False,False,False,False,False
monk3,GB,26,6,0,1,1,1,1,1,True,0,3,4,False,False,False,False,False,False,False,False,False,False,False,False,False,False,False,False
monk3,GB,27,6,1,2,1,2,2,1,True,0,3,4,False,False,False,False,False,False,True,False,True,False,True,True,False,False,False,False
monk3,GB,28,6,1,2,1,2,2,1,True,0,3,3,False,False,False,False,False,False,True,False,False,False,True,True,False,False,False,False
monk3,GB,29,6,1,2,1,2,2,1,True,0,3,4,False,False,False,False,False,False,True,False,False,False,True,True,False,False,False,False
monk3,GB,30,6,1,2,1,2,2,1,True,0,3,3,False,False,False,False,False,False,False,False,False,False,False,True,False,False,False,False
monk3,GB,31,6,0,1,1,1,1,1,True,0,3,5,False,False,False,False,False,False,False,False,False,False,False,False,False,False,False,False
monk3,GB,32,6,0,1,1,1,1,1,True,0,2,2,False,False,False,False,False,False,False,False,False,False,False,False,False,False,False,False
monk3,GB,33,6,0,1,1,1,1,1,True,0,3,5,False,False,False,False,False,False,False,False,False,False,False,False,False,False,False,False
monk3,GB,34,6,0,3,2,2,2,1,True,0,3,6,False,False,False,False,False,False,False,False,False,False,False,True,False,False,False,False
monk3,GB,35,6,1,2,1,2,2,1,True,0,3,3,False,False,False,False,False,False,True,False,False,False,True,True,False,False,False,False
monk3,GB,36,6,0,3,2,2,2,1,True,0,3,6,False,False,False,False,False,False,False,False,False,False,False,True,True,False,True,False
monk3,GB,37,6,0,1,1,1,1,1,True,0,3,4,False,False,False,False,False,False,False,False,False,False,False,False,False,False,False,False
monk3,GB,38,6,1,3,2,2,2,1,True,0,3,5,False,False,False,False,False,False,False,False,False,False,False,True,False,False,False,False
monk3,GB,39,6,1,3,2,2,2,1,True,0,3,5,False,False,False,False,False,False,False,False,False,False,False,True,False,False,False,False
monk3,GB,40,6,0,2,1,2,2,1,True,0,3,3,False,False,False,False,False,False,True,False,True,False,True,True,False,False,False,False
monk3,GB,41,6,1,3,2,2,2,1,True,0,3,4,False,False,False,False,False,False,False,False,False,False,False,True,False,False,False,False
monk3,GB,42,6,1,2,1,2,2,1,True,0,3,4,False,False,False,False,False,False,False,False,False,False,False,True,False,False,False,False
monk3,GB,43,6,1,2,1,2,2,1,True,0,3,5,False,False,False,False,False,False,True,False,False,False,True,True,False,False,False,False
monk3,GB,44,6,1,3,2,2,2,1,True,0,3,4,False,False,False,False,False,False,False,False,False,False,False,True,False,False,False,False
monk3,GB,45,6,1,2,1,2,2,1,True,0,3,4,False,False,False,False,False,False,True,False,False,False,True,True,False,False,False,False
monk3,GB,46,6,1,2,1,2,2,1,True,0,2,2,False,False,False,False,False,False,True,False,True,False,True,True,False,False,False,False
monk3,GB,47,6,1,2,1,2,2,1,True,0,3,3,False,False,False,False,False,False,False,False,False,False,False,True,False,False,False,False
monk3,GB,48,6,1,2,1,2,2,1,True,0,2,2,False,False,False,False,False,False,False,False,False,False,False,True,False,False,False,False
monk3,GB,49,6,0,1,1,1,1,1,True,0,3,3,False,False,False,False,False,False,False,False,False,False,False,False,False,False,False,False
breast-cancer,AD,0,8,0,4,2,3,2,1,True,0,3,5,False,False,False,False,False,False,False,False,True,False,True,True,False,False,False,False
breast-cancer,AD,1,8,1,4,2,3,2,1,True,0,3,3,False,False,False,False,False,False,True,False,True,False,True,True,False,False,False,False
breast-cancer,AD,2,8,1,4,2,3,2,1,True,0,3,4,False,False,False,False,False,False,True,False,True,False,True,True,False,False,False,False
breast-cancer,AD,3,8,1,4,2,3,3,1,True,0,3,4,False,False,False,False,False,False,True,False,True,False,True,True,True,False,False,True
breast-cancer,AD,4,8,1,4,2,3,2,1,True,0,3,4,False,False,False,False,False,False,True,False,True,False,True,True,False,False,False,False
breast-cancer,AD,5,8,0,5,2,4,2,1,True,0,3,6,False,False,False,False,False,False,True,False,True,False,True,True,False,False,False,False
breast-cancer,AD,6,8,0,4,1,4,4,1,True,1,3,6,False,True,False,False,False,False,True,False,True,True,True,True,True,True,False,True
breast-cancer,AD,7,8,1,5,2,4,3,1,True,1,3,4,False,True,True,False,False,True,True,False,True,True,True,True,True,True,True,True
breast-cancer,AD,8,8,0,4,2,3,2,1,True,0,3,6,False,False,False,False,False,False,True,False,True,False,True,True,False,False,False,False
breast-cancer,AD,9,8,1,4,2,3,2,1,True,0,3,6,False,False,False,False,False,False,True,False,True,False,True,True,False,False,False,False
breast-cancer,AD,10,8,1,3,1,3,3,1,True,1,2,2,False,True,True,False,False,True,True,False,True,True,True,True,True,True,True,True
breast-cancer,AD,11,8,1,4,2,3,2,1,True,0,3,4,False,False,False,False,False,False,True,False,True,False,True,True,False,False,False,False
breast-cancer,AD,12,8,1,2,1,2,2,1,True,0,2,2,False,False,False,False,False,False,True,False,True,False,True,True,False,False,False,False
breast-cancer,AD,13,8,1,4,2,3,3,1,True,0,3,4,False,False,False,False,False,False,True,False,True,False,True,True,True,False,False,True
breast-cancer,AD,14,8,0,2,1,2,2,1,True,0,3,4,False,False,False,False,False,False,False,False,True,False,True,True,False,False,False,False
breast-cancer,AD,15,8,1,5,4,3,3,1,True,1,3,5,False,True,False,False,False,False,True,True,True,True,True,True,True,True,True,True
breast-cancer,AD,16,8,1,5,2,4,3,1,True,1,3,4,False,True,True,False,False,True,True,True,True,True,True,True,True,True,True,True
breast-cancer,AD,17,8,0,4,1,4,4,1,True,1,3,7,False,True,True,False,False,False,True,False,False,True,True,True,True,True,True,True
breast-cancer,AD,18,8,0,4,2,3,2,1,True,0,3,6,False,False,False,False,False,False,True,False,True,False,True,True,False,False,False,False
breast-cancer,AD,19,8,1,4,2,3,3,1,True,0,3,3,False,False,False,False,False,False,True,False,True,False,True,True,True,False,False,True
breast-cancer,AD,20,8,1,2,1,2,2,1,True,0,3,6,False,False,False,False,False,False,True,False,True,False,True,True,False,False,False,False
breast-cancer,AD,21,8,0,5,2,4,2,1,True,0,3,7,False,False,False,False,False,False,True,False,True,False,True,True,False,False,False,False
breast-cancer,AD,22,8,1,3,2,2,2,1,True,1,3,6,False,True,False,False,False,False,True,False,True,True,True,True,True,True,True,True
breast-cancer,AD,23,8,1,4,2,3,2,1,True,1,3,6,False,True,False,False,False,False,True,False,True,True,True,True,True,True,True,True
breast-cancer,AD,24,8,1,4,2,3,2,1,True,1,3,6,False,True,False,False,False,False,True,False,True,True,True,True,True,True,True,True
breast-cancer,AD,25,8,1,2,1,2,2,1,True,0,3,3,False,False,False,False,False,False,True,False,True,False,True,True,False,False,False,False
breast-cancer,AD,26,8,1,5,4,3,3,1,True,1,3,5,False,True,False,False,False,False,True,True,True,True,True,True,True,True,True,True
breast-cancer,AD,27,8,1,5,4,3,3,1,True,1,3,5,False,True,False,False,False,False,True,True,True,True,True,True,True,True,True,True
breast-cancer,AD,28,8,1,4,2,3,2,1,True,0,3,4,False,False,False,False,False,False,True,False,True,False,True,True,False,False,False,False
breast-cancer,AD,29,8,1,5,4,3,3,1,True,1,3,5,False,True,False,False,False,False,True,True,True,True,True,True,True,True,True,True
breast-cancer,AD,30,8,1,4,3,4,3,1,True,0,3,3,False,False,False,False,False,False,False,True,True,True,True,True,True,False,False,False
breast-cancer,AD,31,8,0,4,2,3,2,1,True,0,3,6,False,False,False,False,False,False,False,False,True,False,True,True,False,False,False,False
breast-cancer,AD,32,8,1,4,2,3,3,1,True,0,3,4,False,False,False,False,False,False,True,False,True,False,True,True,True,False,False,True
breast-cancer,AD,33,8,0,3,1,3,3,1,True,1,3,4,False,True,False,False,False,False,True,False,True,True,True,True,True,True,True,True
breast-cancer,AD,34,8,0,4,2,3,2,1,True,0,3,5,False,False,False,False,False,False,False,False,True,False,True,True,False,False,False,False
breast-cancer,AD,35,8,1,4,2,3,2,1,True,1,3,6,False,True,False,False,False,False,True,False,True,True,True,True,True,True,True,True
breast-cancer,AD,36,8,1,4,2,3,2,1,True,0,3,6,False,False,False,False,False,False,True,False,True,False,True,True,False,False,False,False
breast-cancer,AD,37,8,0,4,2,3,2,1,True,0,3,6,False,False,False,False,False,False,True,False,True,False,True,True,False,False,False,False
breast-cancer,AD,38,8,0,2,1,2,2,1,True,0,3,4,False,False,False,False,False,False,False,False,True,False,True,True,False,False,False,False
breast-cancer,AD,39,8,1,5,4,3,3,1,True,1,3,5,False,True,False,False,False,False,True,True,True,True,True,True,True,True,True,True
breast-cancer,AD,40,8,1,5,4,3,3,1,True,1,3,5,False,True,False,False,False,False,True,True,True,True,True,True,True,True,True,True
breast-cancer,AD,41,8,1,5,2,4,3,1,True,1,3,4,False,True,False,False,False,True,True,False,True,True,True,True,True,True,True,True
breast-cancer,AD,42,8,1,4,2,3,2,1,True,0,3,4,False,False,False,False,False,False,False,False,True,False,True,True,False,False,False,False
breast-cancer,AD,43,8,0,2,1,2,2,1,True,0,3,4,False,False,False,False,False,False,False,False,False,False,False,True,False,False,False,False
breast-cancer,AD,44,8,1,4,2,3,3,1,True,0,3,4,False,False,False,False,False,False,False,False,False,False,False,True,True,False,False,True
breast-cancer,AD,45,8,1,5,4,3,3,1,True,1,3,5,False,True,False,False,False,False,True,True,True,True,True,True,True,True,True,True
breast-cancer,AD,46,8,1,3,2,2,2,1,True,1,3,6,False,True,False,False,False,False,True,False,True,True,True,True,True,True,True,True
breast-cancer,AD,47,8,1,7,4,6,2,2,True,0,3,7,False,False,False,False,False,True,True,True,True,True,True,True,True,False,True,False
breast-cancer,AD,48,8,0,4,2,3,2,1,True,0,3,5,False,False,False,False,False,False,True,False,True,False,True,True,False,False,False,False
breast-cancer,AD,49,8,1,4,2,3,2,1,True,1,3,6,False,True,False,False,False,False,True,False,True,True,True,True,True,True,True,True
breast-cancer,RF,0,8,0,2,1,2,2,1,True,0,3,5,False,False,False,False,False,False,True,False,True,False,True,True,False,False,False,False
breast-cancer,RF,1,8,1,5,3,5,3,1,True,0,3,5,False,False,False,False,False,False,True,False,True,False,True,True,True,False,False,False
breast-cancer,RF,2,8,1,8,8,8,3,1,False,0,3,7,False,False,False,False,False,True,True,False,True,True,True,True,True,False,False,False
breast-cancer,RF,3,8,1,8,12,15,3,2,False,0,3,7,False,False,False,False,False,True,True,True,True,True,True,True,True,False,False,False
breast-cancer,RF,4,8,1,8,10,9,3,1,False,0,3,7,False,False,False,False,False,True,True,False,True,True,True,True,True,False,False,False
breast-cancer,RF,5,8,0,8,6,14,2,2,False,0,3,6,False,False,False,False,False,True,True,True,True,True,True,True,True,False,True,False
breast-cancer,RF,6,8,1,8,10,10,3,1,False,0,3,7,False,False,False,False,False,True,True,False,True,True,True,True,True,False,False,False
breast-cancer,RF,7,8,1,8,7,11,3,2,False,1,3,5,False,True,True,False,False,True,True,True,True,True,True,True,True,True,True,True
breast-cancer,RF,8,8,0,8,11,11,2,2,False,0,3,7,False,False,False,False,False,True,True,True,True,True,True,True,True,False,True,False
breast-cancer,RF,9,8,1,8,7,9,3,1,False,0,3,6,False,False,False,False,False,True,True,False,True,True,True,True,True,False,False,False
breast-cancer,RF,10,8,0,8,16,16,3,2,False,0,3,7,False,False,False,False,False,True,False,True,True,True,True,True,True,False,False,False
breast-cancer,RF,11,8,1,8,7,8,3,1,False,0,3,6,False,False,False,False,False,True,True,False,True,True,True,True,True,False,False,False
breast-cancer,RF,12,8,1,3,1,3,3,1,True,0,3,4,False,False,False,False,False,False,True,False,False,False,True,True,True,False,False,True
breast-cancer,RF,13,8,1,8,12,16,3,2,False,0,3,7,False,False,False,False,False,True,True,True,True,True,True,True,True,False,False,False
breast-cancer,RF,14,8,0,2,1,2,2,1,True,0,3,4,False,False,False,False,False,False,False,False,True,False,True,True,False,False,False,False
breast-cancer,RF,15,8,1,8,12,17,3,2,False,0,3,7,False,False,False,False,False,True,True,True,True,True,True,True,True,False,False,False
breast-cancer,RF,16,8,1,4,1,4,4,1,True,1,3,4,False,True,False,False,False,True,True,False,False,True,True,True,True,True,False,True
breast-cancer,RF,17,8,0,8,6,11,5,1,False,3,3,7,False,True,True,False,False,True,False,False,False,True,True,True,True,True,True,True
breast-cancer,RF,18,8,0,6,3,4,2,1,True,0,3,5,False,False,False,False,False,True,False,False,True,True,True,True,False,False,False,False
breast-cancer,RF,19,8,1,8,10,9,3,2,False,0,3,6,False,False,False,False,False,True,True,True,True,True,True,True,True,False,False,False
breast-cancer,RF,20,8,1,7,6,10,3,2,True,1,3,6,False,True,False,False,False,True,True,True,True,True,True,True,True,True,True,True
breast-cancer,RF,21,8,0,8,6,12,2,2,False,0,3,7,False,False,False,False,False,True,True,True,True,True,True,True,True,False,True,False
breast-cancer,RF,22,8,1,8,8,9,3,1,False,0,3,7,False,False,False,False,False,True,True,False,True,True,True,True,True,False,False,False
breast-cancer,RF,23,8,1,8,9,7,3,1,False,0,3,6,False,False,False,False,False,True,True,False,True,True,True,True,True,False,False,False
breast-cancer,RF,24,8,1,8,8,8,3,1,False,0,3,7,False,False,False,False,False,True,True,False,True,True,True,True,True,False,False,False
breast-cancer,RF,25,8,1,5,1,5,5,1,True,2,3,5,False,True,False,False,False,True,True,False,True,True,True,True,True,True,False,True
breast-cancer,RF,26,8,1,8,13,14,3,2,False,0,3,7,False,False,False,False,False,True,True,True,True,True,True,True,True,False,False,False
breast-cancer,RF,27,8,1,8,12,18,3,2,False,0,3,7,False,False,False,False,False,True,True,True,True,True,True,True,True,False,False,False
breast-cancer,RF,28,8,1,7,8,7,3,1,True,0,3,7,False,False,False,False,False,True,True,False,True,True,True,True,True,False,False,False
breast-cancer,RF,29,8,1,8,14,15,3,2,False,0,3,7,False,False,False,False,False,True,True,True,True,True,True,True,True,False,False,False
breast-cancer,RF,30,8,1,8,7,8,3,2,False,0,3,6,False,False,False,False,False,True,False,True,True,True,True,True,True,False,False,False
breast-cancer,RF,31,8,0,8,11,13,2,2,False,0,3,7,False,False,False,False,False,True,False,True,True,True,True,True,True,False,True,False
breast-cancer,RF,32,8,1,8,12,16,3,2,False,0,3,7,False,False,False,False,False,True,True,True,True,True,True,True,True,False,False,False
breast-cancer,RF,33,8,0,8,9,10,4,1,False,1,3,6,False,True,False,False,False,True,True,True,True,True,True,True,True,True,False,True
breast-cancer,RF,34,8,0,7,4,7,2,2,True,0,3,4,False,False,False,False,False,True,False,True,True,True,True,True,False,False,False,False
breast-cancer,RF,35,8,1,8,8,7,3,1,False,0,3,6,False,False,False,False,False,True,True,False,True,True,True,True,True,False,False,False
breast-cancer,RF,36,8,1,8,7,9,3,1,False,0,3,6,False,False,False,False,False,True,True,False,True,True,True,True,True,False,False,False
breast-cancer,RF,37,8,0,7,5,7,2,2,True,0,3,6,False,False,False,False,False,False,True,True,True,True,True,True,True,False,True,False
breast-cancer,RF,38,8,0,2,1,2,2,1,True,0,3,3,False,False,False,False,False,False,False,False,True,False,True,True,False,False,False,False
breast-cancer,RF,39,8,1,8,10,8,3,2,False,0,3,7,False,False,False,False,False,True,True,True,True,True,True,True,True,False,False,False
breast-cancer,RF,40,8,1,8,12,15,3,2,False,0,3,7,False,False,False,False,False,True,True,True,True,True,True,True,True,False,False,False
breast-cancer,RF,41,8,1,8,11,13,3,2,False,1,3,7,False,True,True,False,False,True,True,True,True,True,True,True,True,True,True,True
breast-cancer,RF,42,8,1,7,6,6,3,1,True,0,3,6,False,False,False,False,False,True,False,False,True,True,True,True,True,False,False,False
breast-cancer,RF,43,8,0,2,1,2,2,1,True,0,3,4,False,False,False,False,False,False,True,False,False,False,True,True,False,False,False,False
breast-cancer,RF,44,8,1,8,13,18,3,2,False,0,3,7,False,False,False,False,False,True,True,True,True,True,True,True,True,False,False,False
breast-cancer,RF,45,8,1,8,10,12,3,2,False,0,3,7,False,False,False,False,False,True,True,True,True,True,True,True,True,False,False,False
breast-cancer,RF,46,8,1,8,7,7,3,1,False,0,3,7,False,False,False,False,False,True,True,False,True,True,True,True,True,False,False,False
breast-cancer,RF,47,8,1,8,10,13,3,2,False,0,3,6,False,False,False,False,False,True,True,True,True,True,True,True,True,False,False,False
breast-cancer,RF,48,8,0,7,6,7,2,2,True,0,3,6,False,False,False,False,False,True,False,True,True,True,True,True,True,False,True,False
breast-cancer,RF,49,8,1,7,8,7,3,1,True,0,3,7,False,False,False,False,False,True,True,False,True,True,True,True,True,False,False,False
breast-cancer,GB,0,8,0,6,3,4,3,1,True,0,3,6,False,False,False,False,False,True,True,False,True,True,True,True,True,False,False,False
breast-cancer,GB,1,8,1,5,3,5,4,1,True,1,3,5,False,True,False,False,False,False,True,False,True,True,True,True,True,True,False,True
breast-cancer,GB,2,8,1,8,8,9,4,1,False,1,3,7,False,True,False,False,False,True,True,False,True,True,True,True,True,True,False,True
breast-cancer,GB,3,8,1,7,4,4,3,1,True,0,3,7,False,False,False,False,False,True,True,False,True,True,True,True,True,False,False,True
breast-cancer,GB,4,8,1,7,5,9,3,1,True,1,3,7,False,True,False,False,False,True,True,False,True,True,True,True,True,True,True,True
breast-cancer,GB,5,8,0,6,4,7,4,1,True,1,3,6,False,True,False,False,False,False,True,True,True,True,True,True,True,True,True,True
breast-cancer,GB,6,8,0,5,1,5,5,1,True,2,3,6,False,True,False,False,False,True,False,False,False,True,False,True,True,True,True,True
breast-cancer,GB,7,8,1,6,4,6,4,1,True,1,3,6,False,True,False,False,False,False,True,False,True,True,True,True,True,True,False,True
breast-cancer,GB,8,8,0,6,6,7,3,1,True,0,3,6,False,False,False,False,False,False,True,False,True,False,True,True,True,False,False,False
breast-cancer,GB,9,8,1,5,2,4,4,1,True,1,3,5,False,True,False,False,False,True,True,False,True,True,True,True,True,True,False,True
breast-cancer,GB,10,8,0,7,9,10,3,1,True,1,3,7,False,True,False,False,False,False,True,False,True,True,True,True,True,True,True,True
breast-cancer,GB,11,8,1,6,5,8,3,1,True,1,3,6,False,True,False,False,False,False,True,False,True,True,True,True,True,True,True,True
breast-cancer,GB,12,8,1,4,1,4,4,1,True,1,3,4,False,True,False,False,False,True,True,False,True,True,True,True,True,True,False,True
breast-cancer,GB,13,8,1,7,4,4,3,1,True,0,3,7,False,False,False,False,False,True,True,False,True,True,True,True,True,False,False,False
breast-cancer,GB,14,8,0,3,1,3,3,1,True,0,3,5,False,False,False,False,False,False,True,False,True,False,True,True,True,False,False,True
breast-cancer,GB,15,8,1,8,8,10,3,2,False,0,3,7,False,False,False,False,False,True,True,True,True,True,True,True,True,False,False,False
breast-cancer,GB,16,8,0,6,1,6,6,1,True,3,3,4,False,True,True,False,False,True,True,False,False,True,True,True,True,True,True,True
breast-cancer,GB,17,8,0,7,4,7,5,1,True,2,3,6,False,True,True,False,False,False,True,False,False,True,True,True,True,True,True,True
breast-cancer,GB,18,8,0,6,3,4,3,1,True,0,3,5,False,False,False,False,False,False,True,False,True,False,True,True,True,False,False,False
breast-cancer,GB,19,8,1,8,6,11,3,2,False,0,3,6,False,False,False,False,False,True,True,True,True,True,True,True,True,False,False,True
breast-cancer,GB,20,8,1,5,2,4,3,1,True,0,3,6,False,False,False,False,False,True,True,False,True,True,True,True,True,False,False,False
breast-cancer,GB,21,8,0,7,5,7,4,1,True,1,3,7,False,True,False,False,False,False,True,True,True,True,True,True,True,True,False,True
breast-cancer,GB,22,8,1,8,5,6,2,1,False,0,3,7,False,False,False,False,False,True,True,True,True,True,True,True,False,False,False,False
breast-cancer,GB,23,8,1,6,5,7,3,1,True,1,3,7,False,True,False,False,False,False,True,False,True,True,True,True,True,True,True,True
breast-cancer,GB,24,8,1,8,8,9,4,1,False,1,3,7,False,True,False,False,False,True,True,False,True,True,True,True,True,True,False,True
breast-cancer,GB,25,8,0,5,1,5,5,1,True,2,3,4,False,True,False,False,False,False,True,False,True,True,True,True,True,True,True,True
breast-cancer,GB,26,8,1,7,6,6,3,1,True,0,3,7,False,False,False,False,False,True,True,True,True,True,True,True,True,False,False,False
breast-cancer,GB,27,8,1,8,8,10,3,2,False,0,3,7,False,False,False,False,False,True,True,True,True,True,True,True,True,False,False,False
breast-cancer,GB,28,8,1,8,6,9,3,1,False,1,3,6,False,True,False,False,False,True,True,False,True,True,True,True,True,True,True,True
breast-cancer,GB,29,8,1,7,5,5,3,1,True,0,3,7,False,False,False,False,False,True,True,True,True,True,True,True,True,False,False,False
breast-cancer,GB,30,8,1,8,6,9,3,1,False,1,3,4,False,True,False,False,False,True,True,False,True,True,True,True,True,True,True,True
breast-cancer,GB,31,8,0,6,6,7,3,1,True,0,3,7,False,False,False,False,False,False,False,False,True,False,True,True,True,False,False,False
breast-cancer,GB,32,8,1,7,4,4,3,1,True,0,3,7,False,False,False,False,False,True,True,False,True,True,True,True,True,False,False,True
breast-cancer,GB,33,8,0,6,4,6,3,1,True,0,3,6,False,False,False,False,False,False,True,False,True,False,True,True,True,False,False,True
breast-cancer,GB,34,8,0,4,2,3,3,1,True,0,3,6,False,False,False,False,False,False,True,False,True,False,True,True,True,False,False,False
breast-cancer,GB,35,8,1,6,6,7,4,1,True,1,3,7,False,True,False,False,False,False,True,False,True,True,True,True,True,True,False,True
breast-cancer,GB,36,8,1,5,2,4,3,1,True,1,3,5,False,True,False,False,False,True,True,False,True,True,True,True,True,True,True,True
breast-cancer,GB,37,8,0,5,3,5,3,1,True,0,3,6,False,False,False,False,False,False,True,False,True,False,True,True,True,False,False,False
breast-cancer,GB,38,8,0,5,2,4,3,1,True,0,3,5,False,False,False,False,False,True,False,False,True,True,True,True,True,False,False,True
breast-cancer,GB,39,8,1,7,6,6,3,1,True,0,3,7,False,False,False,False,False,True,True,True,True,True,True,True,True,False,False,False
breast-cancer,GB,40,8,1,8,9,10,3,2,False,0,3,7,False,False,False,False,False,True,True,True,True,True,True,True,True,False,False,False
breast-cancer,GB,41,8,1,7,6,6,4,1,True,1,3,7,False,True,False,False,False,True,True,False,True,True,True,True,True,True,False,True
breast-cancer,GB,42,8,1,6,5,8,3,1,True,1,3,6,False,True,False,False,False,False,True,False,True,True,True,True,True,True,True,True
breast-cancer,GB,43,8,0,5,2,4,4,1,True,2,3,4,False,True,False,False,False,True,True,False,False,True,True,True,True,True,True,True
breast-cancer,GB,44,8,1,7,4,4,3,1,True,0,3,7,False,False,False,False,False,True,True,False,False,True,True,True,True,False,False,False
breast-cancer,GB,45,8,1,8,8,10,3,2,False,0,3,7,False,False,False,False,False,True,True,True,True,True,True,True,True,False,False,False
breast-cancer,GB,46,8,1,8,5,6,2,1,False,0,3,6,False,False,False,False,False,True,True,True,True,True,True,True,False,False,False,False
breast-cancer,GB,47,8,1,5,2,4,3,1,True,1,3,5,False,True,False,False,False,True,True,False,True,True,True,True,True,True,True,True
breast-cancer,GB,48,8,0,5,3,4,3,1,True,0,3,6,False,False,False,False,False,False,True,False,True,False,True,True,True,False,False,False
breast-cancer,GB,49,8,1,6,5,7,3,1,True,1,3,7,False,True,False,False,False,False,True,False,True,True,True,True,True,True,True,True
wine,AD,0,8,1,5,2,4,4,1,True,1,3,7,False,True,False,False,False,False,True,False,True,True,True,True,True,True,True,True
wine,AD,1,8,1,7,3,6,5,1,True,2,3,5,False,True,True,False,False,False,True,False,True,True,True,True,True,True,True,True
wine,AD,2,8,0,5,4,3,2,2,True,0,3,6,False,False,False,False,False,False,True,True,True,True,True,True,True,False,True,False
wine,AD,3,8,0,6,3,4,3,1,True,0,3,4,False,False,False,False,False,True,True,True,True,True,True,True,True,False,False,False
wine,AD,4,8,0,8,9,4,2,3,False,0,3,7,False,False,False,False,False,True,True,True,True,True,True,True,True,False,True,False
wine,AD,5,8,0,6,4,4,3,1,True,1,3,6,False,True,False,False,False,True,True,True,True,True,True,True,True,True,True,True
wine,AD,6,8,0,6,4,4,2,2,True,0,3,5,False,False,False,False,False,True,True,True,True,True,True,True,False,False,False,False
wine,AD,7,8,0,6,3,4,2,1,True,1,3,4,False,True,False,False,False,True,True,False,True,True,True,True,True,True,True,False
wine,AD,8,8,1,4,1,4,4,1,True,1,3,6,False,True,False,False,False,False,True,False,True,True,True,True,True,True,False,True
wine,AD,9,8,1,5,2,4,4,1,True,1,3,7,False,True,False,False,False,False,True,False,True,True,True,True,True,True,True,True
wine,AD,10,8,1,6,2,5,4,1,True,1,3,8,False,True,False,False,False,True,True,False,True,True,True,True,True,True,True,True
wine,AD,11,8,0,7,6,4,2,2,True,0,3,7,False,False,False,False,False,True,False,True,True,True,True,True,True,False,True,False
wine,AD,12,8,0,6,4,4,3,1,True,1,3,6,False,True,False,False,False,True,True,True,True,True,True,True,True,True,True,True
wine,AD,13,8,0,7,4,4,3,1,True,0,3,4,False,False,False,False,False,False,True,False,True,False,True,True,True,False,False,False
wine,AD,14,8,0,4,2,3,3,1,True,0,3,4,False,False,False,False,False,False,True,False,True,False,True,True,True,False,False,True
wine,AD,15,8,0,5,3,3,2,1,True,0,3,5,False,False,False,False,False,False,False,False,True,False,True,True,False,False,False,False
wine,AD,16,8,0,6,4,4,3,1,True,1,3,6,False,True,False,False,False,True,True,True,True,True,True,True,True,True,True,True
wine,AD,17,8,0,6,3,4,2,1,True,0,3,5,False,False,False,False,False,True,True,True,True,True,True,True,True,False,True,False
wine,AD,18,8,0,7,6,4,2,2,True,0,3,6,False,False,False,False,False,True,True,True,True,True,True,True,True,False,True,False
wine,AD,19,8,0,7,6,4,2,2,True,0,3,5,False,False,False,False,False,False,True,True,True,True,True,True,True,False,True,False
wine,AD,20,8,1,5,2,4,4,1,True,1,3,8,False,True,False,False,False,True,True,False,True,True,True,True,True,True,True,True
wine,AD,21,8,0,5,2,4,4,1,True,1,3,4,False,True,False,False,False,True,True,False,True,True,True,True,True,True,False,True
wine,AD,22,8,0,7,6,4,2,2,True,0,3,6,False,False,False,False,False,True,True,True,True,True,True,True,True,False,True,False
wine,AD,23,8,1,5,2,4,4,1,True,1,3,7,False,True,True,False,False,False,False,False,True,True,True,True,True,True,False,True
wine,AD,24,8,0,5,3,3,2,1,True,0,3,4,False,False,False,False,False,False,True,True,True,True,True,True,False,False,False,False
wine,AD,25,8,1,6,2,5,3,1,True,1,3,7,False,True,True,False,False,False,True,False,True,True,True,True,True,True,True,True
wine,AD,26,8,0,7,6,4,2,2,True,0,3,6,False,False,False,False,False,False,True,True,True,True,True,True,True,False,True,True
wine,AD,27,8,0,7,5,4,2,2,True,0,3,6,False,False,False,False,False,True,True,True,True,True,True,True,False,False,False,False
wine,AD,28,8,1,4,1,4,4,1,True,1,3,6,False,True,True,False,False,False,True,False,True,True,True,True,True,True,False,True
wine,AD,29,8,0,8,8,4,2,2,False,1,3,6,False,True,False,False,False,True,True,True,True,True,True,True,True,True,True,True
wine,AD,30,8,0,5,4,3,2,2,True,0,3,5,False,False,False,False,False,False,True,True,True,True,True,True,False,False,False,False
wine,AD,31,8,0,6,4,4,3,1,True,1,3,6,False,True,False,False,False,True,True,True,True,True,True,True,True,True,True,True
wine,AD,32,8,0,7,5,4,2,2,True,0,3,6,False,False,False,False,False,True,False,True,True,True,True,True,False,False,False,False
wine,AD,33,8,0,2,1,2,2,1,True,0,3,4,False,False,False,False,False,False,True,False,True,False,True,True,False,False,False,False
wine,AD,34,8,0,6,4,4,3,1,True,1,3,6,False,True,False,False,False,True,True,True,True,True,True,True,True,True,True,True
wine,AD,35,8,0,7,6,4,2,2,True,0,3,5,False,False,False,False,False,False,True,True,True,True,True,True,True,False,True,False
wine,AD,36,8,1,4,1,4,4,1,True,1,3,6,False,True,False,False,False,False,True,False,True,True,True,True,True,True,False,True
wine,AD,37,8,0,6,3,4,2,1,True,0,3,5,False,False,False,False,False,True,True,True,True,True,True,True,True,False,True,False
wine,AD,38,8,1,4,1,4,4,1,True,1,3,8,False,True,False,False,False,False,True,False,True,True,True,True,True,True,False,True
wine,AD,39,8,0,7,6,4,2,2,True,0,3,5,False,False,False,False,False,False,True,True,True,True,True,True,True,False,True,False
wine,AD,40,8,0,7,6,4,2,2,True,0,3,5,False,False,False,False,False,False,True,True,True,True,True,True,True,False,True,False
wine,AD,41,8,0,8,10,4,2,2,False,0,3,7,False,False,False,False,False,True,True,True,True,True,True,True,True,False,True,False
wine,AD,42,8,1,5,2,4,4,1,True,1,3,8,False,True,True,False,False,True,True,False,True,True,True,True,True,True,True,True
wine,AD,43,8,0,5,4,3,2,2,True,0,3,5,False,False,False,False,False,False,True,True,True,True,True,True,False,False,False,False
wine,AD,44,8,0,7,6,4,2,2,True,0,3,5,False,False,False,False,False,False,True,True,True,True,True,True,True,False,True,False
wine,AD,45,8,0,5,4,3,2,2,True,0,3,5,False,False,False,False,False,False,True,True,True,True,True,True,False,False,False,False
wine,AD,46,8,1,6,2,5,3,1,True,1,3,7,False,True,True,False,False,False,True,False,True,True,True,True,True,True,True,True
wine,AD,47,8,0,5,4,3,3,1,True,0,3,6,False,False,False,False,False,True,True,False,True,True,True,True,True,False,False,False
wine,AD,48,8,0,6,3,4,2,1,True,0,3,5,False,False,False,False,False,True,True,True,True,True,True,True,True,False,True,False
wine,RF,0,8,1,8,8,14,4,1,False,1,3,8,False,True,False,False,False,True,True,False,True,True,True,True,True,True,True,True
wine,RF,1,8,0,7,8,10,4,1,True,1,3,4,False,True,False,False,False,True,True,False,True,True,True,True,True,True,False,True
wine,RF,2,8,0,7,12,11,2,3,True,0,3,6,False,False,False,False,False,True,False,True,True,True,True,True,False,False,False,False
wine,RF,3,8,0,5,2,4,2,1,True,0,3,3,False,False,False,False,False,False,True,True,True,True,True,True,False,False,False,False
wine,RF,4,8,0,7,11,6,2,3,True,0,3,6,False,False,False,False,False,False,True,True,True,True,True,True,False,False,False,False
wine,RF,5,8,0,7,11,13,2,3,True,0,3,6,False,False,False,False,False,True,True,True,True,True,True,True,False,False,False,False
wine,RF,6,8,0,4,4,3,2,2,True,0,3,4,False,False,False,False,False,False,True,True,True,True,True,True,False,False,False,False
wine,RF,7,8,0,6,4,8,2,2,True,0,3,5,False,False,False,False,False,True,True,True,True,True,True,True,False,False,False,False
wine,RF,8,8,1,8,10,14,5,1,False,2,3,8,False,True,False,False,False,True,True,False,True,True,True,True,True,True,False,True
wine,RF,9,8,1,8,9,18,4,2,False,2,3,8,False,True,False,False,False,True,True,True,True,True,True,True,True,True,True,True
wine,RF,10,8,1,8,12,11,5,1,False,2,3,8,False,True,False,False,False,True,False,False,True,True,True,True,True,True,False,True
wine,RF,11,8,0,8,17,11,2,4,False,0,3,7,False,False,False,False,False,True,True,True,True,True,True,True,False,False,False,False
wine,RF,12,8,0,7,14,13,2,3,True,0,3,6,False,False,False,False,False,True,True,True,True,True,True,True,False,False,False,False
wine,RF,13,8,0,7,10,7,2,2,True,0,3,6,False,False,False,False,False,True,True,True,True,True,True,True,False,False,False,False
wine,RF,14,8,1,7,3,7,6,1,True,3,3,5,False,True,False,False,False,True,True,False,True,True,True,True,True,True,True,True
wine,RF,15,8,0,6,7,7,2,3,True,0,3,6,False,False,False,False,False,False,True,True,True,True,True,True,False,False,False,False
wine,RF,16,8,0,8,12,12,3,2,False,0,3,5,False,False,False,False,False,True,True,True,True,True,True,True,True,False,False,False
wine,RF,17,8,0,6,7,7,2,3,True,0,3,7,False,False,False,False,False,True,True,True,True,True,True,True,False,False,False,False
wine,RF,18,8,0,7,12,11,2,3,True,0,3,6,False,False,False,False,False,True,False,True,True,True,True,True,False,False,False,False
wine,RF,19,8,0,8,12,11,2,3,False,0,3,7,False,False,False,False,False,True,True,True,True,True,True,True,False,False,False,False
wine,RF,20,8,1,8,9,18,4,2,False,1,3,8,False,True,False,False,False,True,True,True,True,True,True,True,True,True,True,True
wine,RF,21,8,0,6,3,4,3,1,True,0,3,3,False,False,False,False,False,True,True,False,True,True,True,True,True,False,False,True
wine,RF,22,8,0,8,12,8,2,3,False,0,3,7,False,False,False,False,False,True,False,True,True,True,True,True,False,False,False,False
wine,RF,23,8,1,8,8,12,5,1,False,2,3,8,False,True,False,False,False,True,False,False,True,True,True,True,True,True,False,True
wine,RF,24,8,0,6,8,5,2,2,True,0,3,6,False,False,False,False,False,True,True,True,True,True,True,True,False,False,False,False
wine,RF,25,8,1,8,3,8,6,1,False,3,3,7,False,True,False,False,False,True,True,False,True,True,True,True,True,True,True,True
wine,RF,26,8,0,6,8,7,2,2,True,0,3,5,False,False,False,False,False,True,True,True,True,True,True,True,False,False,False,False
wine,RF,27,8,0,7,8,5,2,2,True,0,3,5,False,False,False,False,False,False,True,True,True,True,True,True,False,False,False,False
wine,RF,28,8,1,8,5,13,5,1,False,2,3,8,False,True,False,False,False,True,True,False,True,True,True,True,True,True,True,True
wine,RF,29,8,0,6,7,7,2,3,True,0,3,6,False,False,False,False,False,False,True,True,True,True,True,True,False,False,False,False
wine,RF,30,8,0,7,12,9,2,3,True,0,3,7,False,False,False,False,False,False,False,True,True,True,True,True,False,False,False,False
wine,RF,31,8,0,6,7,5,2,2,True,0,3,6,False,False,False,False,False,True,True,True,True,True,True,True,False,False,False,False
wine,RF,32,8,0,7,9,6,2,2,True,0,3,5,False,False,False,False,False,True,False,True,True,True,True,True,False,False,False,False
wine,RF,33,8,0,6,9,12,2,3,True,0,3,6,False,False,False,False,False,True,True,True,True,True,True,True,False,False,False,False
wine,RF,34,8,0,6,7,9,2,2,True,0,3,6,False,False,False,False,False,True,True,True,True,True,True,True,False,False,False,False
wine,RF,35,8,0,4,5,3,2,2,True,0,3,5,False,False,False,False,False,False,True,True,True,True,True,True,False,False,False,False
wine,RF,36,8,1,8,12,19,5,2,False,2,3,8,False,True,False,False,False,True,True,True,True,True,True,True,True,True,False,True
wine,RF,37,8,0,8,10,10,2,3,False,0,3,7,False,False,False,False,False,True,False,True,True,True,True,True,False,False,False,False
wine,RF,38,8,1,8,12,19,5,2,False,2,3,8,False,True,False,False,False,True,True,True,True,True,True,True,True,True,False,True
wine,RF,39,8,0,7,7,7,2,3,True,0,3,6,False,False,False,False,False,True,True,True,True,True,True,True,False,False,False,False
wine,RF,40,8,0,6,7,5,2,2,True,0,3,5,False,False,False,False,False,True,True,True,True,True,True,True,False,False,False,False
wine,RF,41,8,0,8,20,11,2,4,False,0,3,8,False,False,False,False,False,True,True,True,True,True,True,True,False,False,False,False
wine,RF,42,8,1,8,8,15,5,1,False,2,3,8,False,True,False,False,False,True,True,False,True,True,True,True,True,True,True,True
wine,RF,43,8,0,8,13,9,2,3,False,0,3,7,False,False,False,False,False,True,False,True,True,True,True,True,False,False,False,False
wine,RF,44,8,0,6,6,4,2,2,True,0,3,5,False,False,False,False,False,False,True,True,True,True,True,True,False,False,False,False
wine,RF,45,8,0,8,9,7,2,2,False,0,3,6,False,False,False,False,False,True,True,True,True,True,True,True,False,False,False,False
wine,RF,46,8,1,8,6,13,6,1,False,3,3,7,False,True,False,False,False,True,True,False,True,True,True,True,True,True,False,True
wine,RF,47,8,0,6,8,7,2,2,True,0,3,5,False,False,False,False,False,False,True,True,True,True,True,True,True,False,True,False
wine,RF,48,8,0,7,9,10,2,3,True,0,3,6,False,False,False,False,False,True,True,True,True,True,True,True,False,False,False,False
wine,GB,0,8,1,7,4,9,5,1,True,2,3,6,False,True,False,False,False,False,True,False,True,True,True,True,True,True,False,True
wine,GB,1,8,1,4,1,4,4,1,True,1,3,6,False,True,True,False,False,False,True,False,True,True,True,True,True,True,False,True
wine,GB,2,8,0,4,2,3,1,2,True,0,3,5,False,False,False,False,False,False,False,True,True,True,True,False,False,False,False,False
wine,GB,3,8,0,4,2,3,1,2,True,0,3,4,False,False,False,False,False,False,True,True,True,True,True,False,False,False,False,False
wine,GB,4,8,0,7,5,5,1,3,True,0,3,7,False,False,False,False,False,False,True,True,True,True,True,False,False,False,False,False
wine,GB,5,8,0,6,9,7,2,2,True,0,3,5,False,False,False,False,False,False,True,True,True,True,True,True,True,False,True,False
wine,GB,6,8,0,2,2,1,1,2,True,0,3,4,False,False,False,False,False,False,True,True,True,True,True,False,False,False,False,False
wine,GB,7,8,0,5,6,6,3,2,True,0,3,4,False,False,False,False,False,False,True,True,True,True,True,True,True,False,False,False
wine,GB,8,8,1,7,5,6,4,1,True,1,3,7,False,True,False,False,False,False,True,False,True,True,True,True,True,True,True,True
wine,GB,9,8,1,7,5,6,4,1,True,1,3,7,False,True,False,False,False,False,True,False,True,True,True,True,True,True,False,True
wine,GB,10,8,1,7,5,6,4,1,True,1,3,7,False,True,False,False,False,False,False,False,True,True,True,True,True,True,True,True
wine,GB,11,8,0,7,9,6,1,3,True,0,3,6,False,False,False,False,False,True,True,True,True,True,True,False,False,False,False,False
wine,GB,12,8,0,7,9,8,2,2,True,0,3,6,False,False,False,False,False,True,True,True,True,True,True,True,True,False,True,False
wine,GB,13,8,0,4,2,3,1,2,True,0,3,5,False,False,False,False,False,False,True,True,True,True,True,False,False,False,False,False
wine,GB,14,8,0,4,1,4,4,1,True,2,3,3,False,True,False,False,False,False,True,False,True,True,True,True,True,True,True,True
wine,GB,15,8,0,6,4,5,1,3,True,0,3,5,False,False,False,False,False,True,False,True,True,True,True,False,False,False,False,False
wine,GB,16,8,0,7,5,7,2,2,True,0,3,6,False,False,False,False,False,True,True,True,True,True,True,True,False,False,False,False
wine,GB,17,8,0,5,3,3,1,2,True,0,3,6,False,False,False,False,False,True,True,True,True,True,True,False,False,False,False,False
wine,GB,18,8,0,8,8,7,1,3,False,0,3,8,False,False,False,False,False,True,True,True,True,True,True,False,False,False,False,False
wine,GB,19,8,0,2,2,1,1,2,True,0,3,5,False,False,False,False,False,False,True,True,True,True,True,False,False,False,False,False
wine,GB,20,8,1,7,5,6,4,1,True,1,3,7,False,True,False,False,False,False,True,False,True,True,True,True,True,True,False,True
wine,GB,21,8,0,3,1,3,3,1,True,0,3,3,False,False,False,False,False,False,True,False,True,False,True,True,True,False,False,True
wine,GB,22,8,0,7,8,6,1,4,True,0,3,6,False,False,False,False,False,True,False,True,True,True,True,False,False,False,False,False
wine,GB,23,8,1,7,5,7,5,1,True,2,3,7,False,True,True,False,False,False,False,False,True,True,True,True,True,True,False,True
wine,GB,24,8,0,1,1,1,1,1,True,0,3,6,False,False,False,False,False,False,True,False,True,False,True,False,False,False,False,False
wine,GB,25,8,1,6,2,5,4,1,True,1,3,7,False,True,False,False,False,False,True,False,True,True,True,True,True,True,False,True
wine,GB,26,8,0,1,1,1,1,1,True,0,3,5,False,False,False,False,False,False,True,False,True,False,True,False,False,False,False,False
wine,GB,27,8,0,2,2,1,1,2,True,0,3,6,False,False,False,False,False,False,True,True,True,True,True,False,False,False,False,False
wine,GB,28,8,1,7,6,6,5,1,True,2,3,7,False,True,True,False,False,False,True,False,True,True,True,True,True,True,True,True
wine,GB,29,8,0,7,8,8,1,3,True,0,3,6,False,False,False,False,False,False,True,True,True,True,True,False,False,False,False,False
wine,GB,30,8,0,5,3,3,1,3,True,0,3,7,False,False,False,False,False,False,False,True,True,True,True,False,False,False,False,False
wine,GB,31,8,0,6,5,5,2,2,True,0,3,5,False,False,False,False,False,True,True,True,True,True,True,True,False,False,False,False
wine,GB,32,8,0,2,2,1,1,2,True,0,3,6,False,False,False,False,False,False,True,True,True,True,True,False,False,False,False,False
wine,GB,33,8,0,1,1,1,1,1,True,0,3,4,False,False,False,False,False,False,True,False,True,False,True,False,False,False,False,False
wine,GB,34,8,0,6,9,7,2,2,True,0,3,5,False,False,False,False,False,True,True,True,True,True,True,True,True,False,True,False
wine,GB,35,8,0,2,2,1,1,2,True,0,3,5,False,False,False,False,False,False,True,True,True,True,True,False,False,False,False,False
wine,GB,36,8,1,7,5,6,4,1,True,1,3,7,False,True,False,False,False,False,True,False,True,True,True,True,True,True,True,True
wine,GB,37,8,0,6,7,6,1,3,True,0,3,5,False,False,False,False,False,False,False,True,True,True,True,False,False,False,False,False
wine,GB,38,8,1,7,5,6,4,1,True,1,3,7,False,True,False,False,False,False,True,False,True,True,True,True,True,True,True,True
wine,GB,39,8,0,2,2,1,1,2,True,0,3,5,False,False,False,False,False,False,True,True,True,True,True,False,False,False,False,False
wine,GB,40,8,0,2,2,1,1,2,True,0,3,5,False,False,False,False,False,False,True,True,True,True,True,False,False,False,False,False
wine,GB,41,8,0,7,9,7,1,3,True,0,3,7,False,False,False,False,False,False,True,True,True,True,True,False,False,False,False,False
wine,GB,42,8,1,7,5,7,5,1,True,2,3,7,False,True,True,False,False,False,True,False,True,True,True,True,True,True,False,True
wine,GB,43,8,0,6,4,3,1,3,True,0,3,7,False,False,False,False,False,False,False,True,True,True,True,False,False,False,False,False
wine,GB,44,8,0,2,2,1,1,2,True,0,3,5,False,False,False,False,False,False,True,True,True,True,True,False,False,False,False,False
wine,GB,45,8,0,2,2,1,1,2,True,0,3,7,False,False,False,False,False,False,False,True,True,True,True,False,False,False,False,False
wine,GB,46,8,1,6,2,5,4,1,True,1,3,7,False,True,False,False,False,False,True,False,True,True,True,True,True,True,False,True
wine,GB,47,8,0,6,3,6,2,2,True,0,3,7,False,False,False,False,False,True,False,True,True,True,True,True,False,False,False,False
wine,GB,48,8,0,6,7,6,1,3,True,0,3,5,False,False,False,False,False,False,True,True,True,True,True,False,False,False,False,False
iris,AD,0,4,1,3,1,3,3,1,True,0,3,3,False,False,False,False,False,False,True,False,True,False,True,True,True,False,False,False
iris,AD,1,4,0,3,2,2,2,1,True,0,3,3,False,False,False,False,False,False,True,False,True,False,True,True,False,False,False,False
iris,AD,2,4,1,4,2,3,3,1,False,0,3,4,False,False,False,False,False,True,True,False,False,True,True,True,True,False,False,False
iris,AD,3,4,0,4,3,2,1,2,False,0,3,3,False,False,False,False,False,True,True,True,True,True,True,False,False,False,False,False
iris,AD,4,4,0,2,1,2,2,1,True,0,2,2,False,False,False,False,False,False,True,False,False,False,True,True,False,False,False,False
iris,AD,5,4,1,3,1,3,3,1,True,0,3,3,False,False,False,False,False,False,True,False,True,False,True,True,True,False,False,False
iris,AD,6,4,0,3,2,2,2,1,True,0,3,3,False,False,False,False,False,False,True,False,True,False,True,True,False,False,False,False
iris,AD,7,4,0,2,1,2,2,1,True,0,2,2,False,False,False,False,False,False,True,False,False,False,True,True,False,False,False,False
iris,AD,8,4,1,3,1,3,3,1,True,0,3,3,False,False,False,False,True,False,False,False,True,False,True,True,True,False,False,False
iris,AD,9,4,1,4,2,3,3,1,False,0,3,4,False,False,False,False,False,True,False,False,False,True,False,True,True,False,False,False
iris,AD,10,4,1,4,2,3,3,1,False,0,3,4,False,False,False,False,False,True,True,False,True,True,True,True,True,False,False,False
iris,AD,11,4,1,3,1,3,3,1,True,0,3,3,False,False,False,False,True,False,True,False,True,False,True,True,True,False,False,False
iris,AD,12,4,0,3,2,2,2,1,True,0,2,2,False,False,False,False,False,True,True,False,True,True,True,True,False,False,False,False
iris,AD,13,4,0,1,1,1,1,1,True,0,1,1,False,False,False,False,False,False,False,False,False,False,False,False,False,False,False,False
iris,AD,14,4,0,3,2,2,1,2,True,0,3,3,False,False,False,False,False,False,False,True,True,True,True,False,False,False,False,False
iris,AD,15,4,0,3,2,2,1,2,True,0,3,3,False,False,False,False,False,False,True,True,True,True,True,False,False,False,False,False
iris,AD,16,4,0,4,3,2,1,2,False,0,3,4,False,False,False,False,False,True,True,True,True,True,True,False,False,False,False,False
iris,AD,17,4,1,3,1,3,3,1,True,0,3,3,False,False,False,False,False,False,True,False,True,False,True,True,True,False,False,False
iris,AD,18,4,0,3,2,2,1,2,True,0,2,2,False,False,False,False,False,True,False,True,True,True,True,False,False,False,False,False
iris,AD,19,4,0,4,3,2,1,2,False,0,3,4,False,False,False,False,False,True,True,True,True,True,True,False,False,False,False,False
iris,AD,20,4,0,1,1,1,1,1,True,0,2,2,False,False,False,False,False,False,True,False,True,False,True,False,False,False,False,False
iris,AD,21,4,0,2,1,2,2,1,True,0,2,2,False,False,False,False,False,False,False,False,False,False,False,True,False,False,False,False
iris,AD,22,4,0,3,2,2,1,2,True,0,3,3,False,False,False,False,False,False,False,True,True,True,True,False,False,False,False,False
iris,AD,23,4,1,4,2,3,3,1,False,0,3,4,False,False,False,False,False,True,True,False,True,True,True,True,True,False,False,False
iris,AD,24,4,1,4,2,3,3,1,False,0,3,4,False,False,False,False,False,True,True,False,True,True,True,True,True,False,False,False
iris,AD,25,4,1,3,1,3,3,1,True,0,3,3,False,False,False,False,False,False,True,False,True,False,True,True,True,False,False,False
iris,AD,26,4,1,4,2,3,3,1,False,0,3,4,False,False,False,False,False,True,False,False,False,True,False,True,True,False,False,False
iris,AD,27,4,0,1,1,1,1,1,True,0,2,2,False,False,False,False,False,False,False,False,True,False,True,False,False,False,False,False
iris,AD,28,4,0,1,1,1,1,1,True,0,2,2,False,False,False,False,False,False,True,False,True,False,True,False,False,False,False,False
iris,RF,0,4,1,2,1,2,2,1,True,0,3,3,False,False,False,False,False,False,True,False,True,False,True,True,False,False,False,False
iris,RF,1,4,0,4,3,4,2,2,False,0,3,3,False,False,False,False,False,True,True,True,True,True,True,True,False,False,False,False
iris,RF,2,4,1,2,1,2,2,1,True,0,3,4,False,False,False,False,False,False,False,False,False,False,False,True,False,False,False,False
iris,RF,3,4,0,4,3,2,1,2,False,0,3,4,False,False,False,False,False,True,True,True,True,True,True,True,False,False,True,False
iris,RF,4,4,0,4,2,3,2,1,False,1,2,2,False,True,False,False,False,True,True,False,False,True,True,True,True,True,True,False
iris,RF,5,4,1,3,1,3,3,1,True,0,3,4,False,False,False,False,False,False,True,False,True,False,True,True,True,False,False,False
iris,RF,6,4,0,4,3,4,2,2,False,0,3,3,False,False,False,False,False,True,True,True,True,True,True,True,False,False,False,False
iris,RF,7,4,0,4,2,3,2,1,False,1,2,2,False,True,False,False,False,True,True,False,False,True,True,True,True,True,True,False
iris,RF,8,4,1,3,1,3,3,1,True,0,3,3,False,False,False,False,True,False,False,False,True,False,True,True,True,False,False,False
iris,RF,9,4,1,2,1,2,2,1,True,0,3,4,False,False,False,False,False,False,True,False,True,False,True,True,False,False,False,False
iris,RF,10,4,1,3,1,3,3,1,True,0,3,4,False,False,False,False,False,False,True,False,True,False,True,True,True,False,False,False
iris,RF,11,4,1,2,1,2,2,1,True,0,3,3,False,False,False,False,False,False,True,False,True,False,True,True,False,False,False,False
iris,RF,12,4,0,3,2,2,2,1,True,0,2,2,False,False,False,False,False,True,True,False,True,True,True,True,False,False,False,False
iris,RF,13,4,0,1,1,1,1,1,True,0,1,1,False,False,False,False,False,False,False,False,False,False,False,False,False,False,False,False
iris,RF,14,4,0,4,3,2,1,2,False,0,2,2,False,False,False,False,False,True,False,True,True,True,True,False,False,False,False,False
iris,RF,15,4,0,3,2,2,1,2,True,0,3,3,False,False,False,False,False,False,True,True,True,True,True,False,False,False,False,False
iris,RF,16,4,0,4,3,2,1,2,False,0,3,4,False,False,False,False,False,True,True,True,True,True,True,True,False,False,True,False
iris,RF,17,4,1,3,1,3,3,1,True,0,3,4,False,False,False,False,False,False,True,False,True,False,True,True,True,False,False,False
iris,RF,18,4,0,4,3,2,1,2,False,0,2,2,False,False,False,False,False,True,False,True,True,True,True,True,False,False,True,False
iris,RF,19,4,0,4,3,2,1,2,False,0,3,4,False,False,False,False,False,True,True,True,True,True,True,True,False,False,True,False
iris,RF,20,4,0,1,1,1,1,1,True,0,2,2,False,False,False,False,False,False,True,False,True,False,True,False,False,False,False,False
iris,RF,21,4,0,4,2,3,2,1,False,1,1,1,False,True,False,False,False,True,False,False,False,True,False,True,True,True,True,False
iris,RF,22,4,0,1,1,1,1,1,True,0,2,2,False,False,False,False,False,False,False,False,True,False,True,False,False,False,False,False
iris,RF,23,4,1,2,1,2,2,1,True,0,3,4,False,False,False,False,False,False,True,False,True,False,True,True,False,False,False,False
iris,RF,24,4,1,4,2,3,3,1,False,0,3,4,False,False,False,False,False,True,True,False,True,True,True,True,True,False,False,False
iris,RF,25,4,1,3,1,3,3,1,True,0,3,4,False,False,False,False,False,False,True,False,True,False,True,True,True,False,False,False
iris,RF,26,4,1,2,1,2,2,1,True,0,3,4,False,False,False,False,False,False,False,False,False,False,False,True,False,False,False,False
iris,RF,27,4,0,3,2,2,1,2,True,0,3,3,False,False,False,False,False,False,False,True,True,True,True,True,False,False,True,False
iris,RF,28,4,0,4,3,2,1,2,False,0,3,3,False,False,False,False,False,True,True,True,True,True,True,True,False,False,True,False
iris,GB,0,4,1,2,1,2,2,1,True,0,3,3,False,False,False,False,False,False,True,False,True,False,True,True,False,False,False,False
iris,GB,1,4,0,1,1,1,1,1,True,0,3,3,False,False,False,False,False,False,True,False,True,False,True,False,False,False,False,False
iris,GB,2,4,1,2,1,2,2,1,True,0,3,4,False,False,False,False,False,False,False,False,False,False,False,True,False,False,False,False
iris,GB,3,4,0,2,2,1,1,2,True,0,3,4,False,False,False,False,False,False,True,True,True,True,True,False,False,False,False,False
iris,GB,4,4,0,4,2,3,2,1,False,0,3,3,False,False,False,False,False,True,True,False,False,True,True,True,True,False,True,False
iris,GB,5,4,1,4,2,3,3,1,False,0,3,4,False,False,False,False,False,True,True,False,True,True,True,True,True,False,False,False
iris,GB,6,4,0,4,2,3,1,2,False,0,3,4,False,False,False,False,False,True,True,True,True,True,True,False,False,False,False,False
iris,GB,7,4,0,2,1,2,2,1,True,0,3,3,False,False,False,False,False,False,True,False,False,False,True,True,False,False,False,False
iris,GB,8,4,1,3,1,3,3,1,True,0,3,3,False,False,False,False,True,False,False,False,True,False,True,True,True,False,False,False
iris,GB,9,4,1,2,1,2,2,1,True,0,3,4,False,False,False,False,False,False,True,False,False,False,True,True,False,False,False,False
iris,GB,10,4,1,3,1,3,3,1,True,0,3,4,False,False,False,False,False,False,True,False,True,False,True,True,True,False,False,False
iris,GB,11,4,1,2,1,2,2,1,True,0,3,3,False,False,False,False,False,False,True,False,True,False,True,True,False,False,False,False
iris,GB,12,4,0,1,1,1,1,1,True,0,3,3,False,False,False,False,False,False,False,False,True,False,True,False,False,False,False,False
iris,GB,13,4,0,3,1,3,3,1,True,2,1,1,False,True,False,False,False,True,False,False,False,True,False,True,True,True,True,True
iris,GB,14,4,0,3,2,2,2,1,True,0,3,3,False,False,False,False,False,False,False,False,True,False,True,True,False,False,False,False
iris,GB,15,4,0,4,3,4,2,2,False,0,3,3,False,False,False,False,False,True,True,True,True,True,True,True,False,False,False,False
iris,GB,16,4,0,2,2,1,1,2,True,0,3,4,False,False,False,False,False,False,True,True,True,True,True,False,False,False,False,False
iris,GB,17,4,1,4,2,3,3,1,False,0,3,4,False,False,False,False,False,True,True,False,True,True,True,True,True,False,False,False
iris,GB,18,4,0,3,2,2,2,1,True,0,2,2,False,False,False,False,False,False,False,False,True,False,True,True,False,False,False,False
iris,GB,19,4,0,2,2,1,1,2,True,0,3,4,False,False,False,False,False,False,True,True,True,True,True,False,False,False,False,False
iris,GB,20,4,0,1,1,1,1,1,True,0,3,4,False,False,False,False,False,False,True,False,True,False,True,False,False,False,False,False
iris,GB,21,4,1,4,1,4,4,1,False,1,3,3,False,True,False,False,False,True,False,False,False,True,False,True,True,True,True,True
iris,GB,22,4,0,3,2,2,2,1,True,0,3,3,False,False,False,False,False,False,False,False,True,False,True,True,False,False,False,False
iris,GB,23,4,1,2,1,2,2,1,True,0,3,4,False,False,False,False,False,False,True,False,True,False,True,True,False,False,False,False
iris,GB,24,4,1,4,2,3,3,1,False,0,3,4,False,False,False,False,False,True,True,False,True,True,True,True,True,False,False,False
iris,GB,25,4,1,3,1,3,3,1,True,0,3,4,False,False,False,False,False,False,True,False,True,False,True,True,True,False,False,False
iris,GB,26,4,1,2,1,2,2,1,True,0,3,4,False,False,False,False,False,False,False,False,False,False,False,True,False,False,False,False
iris,GB,27,4,0,4,3,4,2,2,False,0,3,3,False,False,False,False,False,True,False,True,True,True,True,True,False,False,False,False
iris,GB,28,4,0,3,2,2,2,1,True,0,3,3,False,False,False,False,False,False,True,False,True,False,True,True,False,False,False,False
